[
{
  "model": "service_development.voicelabel",
  "pk": 1,
  "fields": {
    "name": "Dutch language",
    "description": "Nederlandse taal"
  }
},
{
  "model": "service_development.voicelabel",
  "pk": 2,
  "fields": {
    "name": "General error message",
    "description": ""
  }
},
{
  "model": "service_development.voicelabel",
  "pk": 3,
  "fields": {
    "name": "This is the truth",
    "description": ""
  }
},
{
  "model": "service_development.voicelabel",
  "pk": 4,
  "fields": {
    "name": "English language",
    "description": ""
  }
},
{
  "model": "service_development.voicelabel",
  "pk": 5,
  "fields": {
    "name": "Thank you for using this service",
    "description": ""
  }
},
{
  "model": "service_development.voicelabel",
  "pk": 6,
  "fields": {
    "name": "Wow, it must be a really boring guy!",
    "description": ""
  }
},
{
  "model": "service_development.voicelabel",
  "pk": 7,
  "fields": {
    "name": "French language",
    "description": ""
  }
},
{
  "model": "service_development.voicelabel",
  "pk": 8,
  "fields": {
    "name": "Please select your language",
    "description": ""
  }
},
{
  "model": "service_development.voicelabel",
  "pk": 9,
  "fields": {
    "name": "Pre Choice Option",
    "description": ""
  }
},
{
  "model": "service_development.voicelabel",
  "pk": 10,
  "fields": {
    "name": "Post Choice Option",
    "description": ""
  }
},
{
  "model": "service_development.voicelabel",
  "pk": 11,
  "fields": {
    "name": "One",
    "description": ""
  }
},
{
  "model": "service_development.voicelabel",
  "pk": 12,
  "fields": {
    "name": "Two",
    "description": ""
  }
},
{
  "model": "service_development.voicelabel",
  "pk": 13,
  "fields": {
    "name": "Three",
    "description": ""
  }
},
{
  "model": "service_development.voicelabel",
  "pk": 14,
  "fields": {
    "name": "Four",
    "description": ""
  }
},
{
  "model": "service_development.voicelabel",
  "pk": 15,
  "fields": {
    "name": "Five",
    "description": ""
  }
},
{
  "model": "service_development.voicelabel",
  "pk": 16,
  "fields": {
    "name": "Six",
    "description": ""
  }
},
{
  "model": "service_development.voicelabel",
  "pk": 17,
  "fields": {
    "name": "Seven",
    "description": ""
  }
},
{
  "model": "service_development.voicelabel",
  "pk": 18,
  "fields": {
    "name": "Eight",
    "description": ""
  }
},
{
  "model": "service_development.voicelabel",
  "pk": 19,
  "fields": {
    "name": "Nine",
    "description": ""
  }
},
{
  "model": "service_development.voicelabel",
  "pk": 20,
  "fields": {
    "name": "Zero",
    "description": ""
  }
},
{
  "model": "service_development.voicelabel",
  "pk": 21,
  "fields": {
    "name": "Yes",
    "description": null
  }
},
{
  "model": "service_development.voicelabel",
  "pk": 22,
  "fields": {
    "name": "No",
    "description": null
  }
},
{
  "model": "service_development.voicelabel",
  "pk": 23,
  "fields": {
    "name": "Does the king like to drink beer?",
    "description": ""
  }
},
{
  "model": "service_development.voicelabel",
  "pk": 25,
  "fields": {
    "name": "Please speak your message",
    "description": ""
  }
},
{
  "model": "service_development.voicelabel",
  "pk": 29,
  "fields": {
    "name": "Wrong post",
    "description": null
  }
},
{
  "model": "service_development.voicelabel",
  "pk": 31,
  "fields": {
    "name": "Type of animal?",
    "description": null
  }
},
{
  "model": "service_development.voicelabel",
  "pk": 32,
  "fields": {
    "name": "Chicken correct?",
    "description": null
  }
},
{
  "model": "service_development.voicelabel",
  "pk": 33,
  "fields": {
    "name": "Cow correct?",
    "description": null
  }
},
{
  "model": "service_development.voicelabel",
  "pk": 35,
  "fields": {
    "name": "Cow check 2",
    "description": "Is it able to eat or drink?"
  }
},
{
  "model": "service_development.voicelabel",
  "pk": 36,
  "fields": {
    "name": "Cow check 3",
    "description": "Tongue Blisters?"
  }
},
{
  "model": "service_development.voicelabel",
  "pk": 37,
  "fields": {
    "name": "Cow check 4",
    "description": "Is it drooling a lot?"
  }
},
{
  "model": "service_development.voicelabel",
  "pk": 38,
  "fields": {
    "name": "Cow check 5",
    "description": "Does it have plenty watery eye discharge?"
  }
},
{
  "model": "service_development.voicelabel",
  "pk": 39,
  "fields": {
    "name": "Cow check 6",
    "description": "Does it have an aversion to sunlight?"
  }
},
{
  "model": "service_development.voicelabel",
  "pk": 40,
  "fields": {
    "name": "Cow check 7",
    "description": "Does it have signs of irritation, for example, excessive blinking?"
  }
},
{
  "model": "service_development.voicelabel",
  "pk": 41,
  "fields": {
    "name": "Cow check 8",
    "description": "Does it have reddening and swelling of the eyelids and the third eyelid?"
  }
},
{
  "model": "service_development.voicelabel",
  "pk": 42,
  "fields": {
    "name": "Wooden Tongue",
    "description": null
  }
},
{
  "model": "service_development.voicelabel",
  "pk": 43,
  "fields": {
    "name": "Pink eye",
    "description": null
  }
},
{
  "model": "service_development.voicelabel",
  "pk": 44,
  "fields": {
    "name": "Infectious Bronchitis",
    "description": null
  }
},
{
  "model": "service_development.voicelabel",
  "pk": 45,
  "fields": {
    "name": "Fowl Pox",
    "description": null
  }
},
{
  "model": "service_development.voicelabel",
  "pk": 46,
  "fields": {
    "name": "Chicken check 1",
    "description": "Is there a decrease in eating and drinking?"
  }
},
{
  "model": "service_development.voicelabel",
  "pk": 47,
  "fields": {
    "name": "Chicken check 2",
    "description": "Does it have discharge from the nostrils and eyes?"
  }
},
{
  "model": "service_development.voicelabel",
  "pk": 48,
  "fields": {
    "name": "Chicken check 3",
    "description": "Does it gasp, cough and make raspy breath sounds?"
  }
},
{
  "model": "service_development.voicelabel",
  "pk": 49,
  "fields": {
    "name": "Chicken check 4",
    "description": "Is there a decrease in egg laying? Or are the eggs soft-shelled and watery inside?"
  }
},
{
  "model": "service_development.voicelabel",
  "pk": 50,
  "fields": {
    "name": "Chicken check 5",
    "description": "Does it have white spots on its skin?"
  }
},
{
  "model": "service_development.voicelabel",
  "pk": 51,
  "fields": {
    "name": "Chicken check 6",
    "description": "Does it have scabby sores on its combs?"
  }
},
{
  "model": "service_development.voicelabel",
  "pk": 52,
  "fields": {
    "name": "Chicken check 7",
    "description": "Does it have tongue blisters?"
  }
},
{
  "model": "service_development.voicelabel",
  "pk": 53,
  "fields": {
    "name": "Cow check 1",
    "description": "Does it have a painful and swollen tongue?"
  }
},
{
  "model": "service_development.voicelabel",
  "pk": 58,
  "fields": {
    "name": "Welcome",
    "description": null
  }
},
{
  "model": "service_development.voicelabel",
  "pk": 59,
  "fields": {
    "name": "Cow",
    "description": null
  }
},
{
  "model": "service_development.voicelabel",
  "pk": 60,
  "fields": {
    "name": "Chicken",
    "description": null
  }
},
{
  "model": "service_development.voicelabel",
  "pk": 61,
  "fields": {
    "name": "Not urgent",
    "description": null
  }
},
{
  "model": "service_development.voicelabel",
  "pk": 62,
  "fields": {
    "name": "Most Likely",
    "description": null
  }
},
{
  "model": "service_development.voicelabel",
  "pk": 63,
  "fields": {
    "name": "Most likely",
    "description": null
  }
},
{
  "model": "service_development.language",
  "pk": 1,
  "fields": {
    "name": "Nederlands",
    "code": "nl",
    "voice_label": 1,
    "error_message": 2,
    "select_language": 8,
    "pre_choice_option": 9,
    "post_choice_option": 10,
    "one": 11,
    "two": 12,
    "three": 13,
    "four": 14,
    "five": 15,
    "six": 16,
    "seven": 17,
    "eight": 18,
    "nine": 19,
    "zero": 20
  }
},
{
  "model": "service_development.language",
  "pk": 2,
  "fields": {
    "name": "English",
    "code": "en",
    "voice_label": 4,
    "error_message": 2,
    "select_language": 8,
    "pre_choice_option": 9,
    "post_choice_option": 10,
    "one": 11,
    "two": 12,
    "three": 13,
    "four": 14,
    "five": 15,
    "six": 16,
    "seven": 17,
    "eight": 18,
    "nine": 19,
    "zero": 20
  }
},
{
  "model": "service_development.language",
  "pk": 3,
  "fields": {
    "name": "Francais",
    "code": "fr",
    "voice_label": 7,
    "error_message": 2,
    "select_language": 8,
    "pre_choice_option": 9,
    "post_choice_option": 10,
    "one": 11,
    "two": 12,
    "three": 13,
    "four": 14,
    "five": 15,
    "six": 16,
    "seven": 17,
    "eight": 18,
    "nine": 19,
    "zero": 20
  }
},
{
  "model": "service_development.voicefragment",
  "pk": 1,
  "fields": {
    "parent": 6,
    "language": 2,
    "audio": "boring_guy_en.wav"
  }
},
{
  "model": "service_development.voicefragment",
  "pk": 2,
  "fields": {
    "parent": 6,
    "language": 1,
    "audio": "boring_guy_nl.wav"
  }
},
{
  "model": "service_development.voicefragment",
  "pk": 6,
  "fields": {
    "parent": 22,
    "language": 1,
    "audio": "no_nl.wav"
  }
},
{
  "model": "service_development.voicefragment",
  "pk": 7,
  "fields": {
    "parent": 22,
    "language": 2,
    "audio": "no_A3JLUtJ.wav"
  }
},
{
  "model": "service_development.voicefragment",
  "pk": 8,
  "fields": {
    "parent": 22,
    "language": 3,
    "audio": "no_fr.wav"
  }
},
{
  "model": "service_development.voicefragment",
  "pk": 9,
  "fields": {
    "parent": 21,
    "language": 1,
    "audio": "yes_nl.wav"
  }
},
{
  "model": "service_development.voicefragment",
  "pk": 10,
  "fields": {
    "parent": 21,
    "language": 2,
    "audio": "yes_l4VR0hc.wav"
  }
},
{
  "model": "service_development.voicefragment",
  "pk": 11,
  "fields": {
    "parent": 21,
    "language": 3,
    "audio": "yes_fr.wav"
  }
},
{
  "model": "service_development.voicefragment",
  "pk": 12,
  "fields": {
    "parent": 20,
    "language": 1,
    "audio": "0_nl.wav"
  }
},
{
  "model": "service_development.voicefragment",
  "pk": 13,
  "fields": {
    "parent": 20,
    "language": 2,
    "audio": "0_en.wav"
  }
},
{
  "model": "service_development.voicefragment",
  "pk": 14,
  "fields": {
    "parent": 20,
    "language": 3,
    "audio": "0_fr.wav"
  }
},
{
  "model": "service_development.voicefragment",
  "pk": 15,
  "fields": {
    "parent": 19,
    "language": 1,
    "audio": "9_nl.wav"
  }
},
{
  "model": "service_development.voicefragment",
  "pk": 16,
  "fields": {
    "parent": 19,
    "language": 2,
    "audio": "9_fr.wav"
  }
},
{
  "model": "service_development.voicefragment",
  "pk": 17,
  "fields": {
    "parent": 19,
    "language": 3,
    "audio": "9_en.wav"
  }
},
{
  "model": "service_development.voicefragment",
  "pk": 18,
  "fields": {
    "parent": 18,
    "language": 1,
    "audio": "8_nl.wav"
  }
},
{
  "model": "service_development.voicefragment",
  "pk": 19,
  "fields": {
    "parent": 18,
    "language": 2,
    "audio": "8_en.wav"
  }
},
{
  "model": "service_development.voicefragment",
  "pk": 20,
  "fields": {
    "parent": 18,
    "language": 3,
    "audio": "8_fr.wav"
  }
},
{
  "model": "service_development.voicefragment",
  "pk": 21,
  "fields": {
    "parent": 17,
    "language": 1,
    "audio": "7_nl.wav"
  }
},
{
  "model": "service_development.voicefragment",
  "pk": 22,
  "fields": {
    "parent": 17,
    "language": 2,
    "audio": "7_en.wav"
  }
},
{
  "model": "service_development.voicefragment",
  "pk": 23,
  "fields": {
    "parent": 17,
    "language": 3,
    "audio": "7_fr.wav"
  }
},
{
  "model": "service_development.voicefragment",
  "pk": 24,
  "fields": {
    "parent": 16,
    "language": 1,
    "audio": "6_nl.wav"
  }
},
{
  "model": "service_development.voicefragment",
  "pk": 25,
  "fields": {
    "parent": 16,
    "language": 2,
    "audio": "6_en.wav"
  }
},
{
  "model": "service_development.voicefragment",
  "pk": 26,
  "fields": {
    "parent": 16,
    "language": 3,
    "audio": "6_fr.wav"
  }
},
{
  "model": "service_development.voicefragment",
  "pk": 27,
  "fields": {
    "parent": 15,
    "language": 1,
    "audio": "5_nl.wav"
  }
},
{
  "model": "service_development.voicefragment",
  "pk": 28,
  "fields": {
    "parent": 15,
    "language": 2,
    "audio": "5_en.wav"
  }
},
{
  "model": "service_development.voicefragment",
  "pk": 29,
  "fields": {
    "parent": 15,
    "language": 3,
    "audio": "5_fr.wav"
  }
},
{
  "model": "service_development.voicefragment",
  "pk": 30,
  "fields": {
    "parent": 14,
    "language": 1,
    "audio": "4_nl.wav"
  }
},
{
  "model": "service_development.voicefragment",
  "pk": 31,
  "fields": {
    "parent": 14,
    "language": 2,
    "audio": "4_fr.wav"
  }
},
{
  "model": "service_development.voicefragment",
  "pk": 32,
  "fields": {
    "parent": 14,
    "language": 3,
    "audio": "4_en.wav"
  }
},
{
  "model": "service_development.voicefragment",
  "pk": 33,
  "fields": {
    "parent": 13,
    "language": 1,
    "audio": "3_nl.wav"
  }
},
{
  "model": "service_development.voicefragment",
  "pk": 34,
  "fields": {
    "parent": 13,
    "language": 2,
    "audio": "3_en.wav"
  }
},
{
  "model": "service_development.voicefragment",
  "pk": 35,
  "fields": {
    "parent": 13,
    "language": 3,
    "audio": "3_fr.wav"
  }
},
{
  "model": "service_development.voicefragment",
  "pk": 36,
  "fields": {
    "parent": 12,
    "language": 1,
    "audio": "2_nl.wav"
  }
},
{
  "model": "service_development.voicefragment",
  "pk": 37,
  "fields": {
    "parent": 12,
    "language": 2,
    "audio": "2_en.wav"
  }
},
{
  "model": "service_development.voicefragment",
  "pk": 38,
  "fields": {
    "parent": 12,
    "language": 3,
    "audio": "2_fr.wav"
  }
},
{
  "model": "service_development.voicefragment",
  "pk": 39,
  "fields": {
    "parent": 11,
    "language": 1,
    "audio": "1_nl.wav"
  }
},
{
  "model": "service_development.voicefragment",
  "pk": 40,
  "fields": {
    "parent": 11,
    "language": 2,
    "audio": "1_en.wav"
  }
},
{
  "model": "service_development.voicefragment",
  "pk": 41,
  "fields": {
    "parent": 11,
    "language": 3,
    "audio": "1_fr.wav"
  }
},
{
  "model": "service_development.voicefragment",
  "pk": 42,
  "fields": {
    "parent": 10,
    "language": 1,
    "audio": "post_choice_option_nl.wav"
  }
},
{
  "model": "service_development.voicefragment",
  "pk": 43,
  "fields": {
    "parent": 10,
    "language": 2,
    "audio": "post_choice_option_en.wav"
  }
},
{
  "model": "service_development.voicefragment",
  "pk": 44,
  "fields": {
    "parent": 10,
    "language": 3,
    "audio": "post_choice_option_fr.wav"
  }
},
{
  "model": "service_development.voicefragment",
  "pk": 45,
  "fields": {
    "parent": 9,
    "language": 1,
    "audio": "pre_choice_option_nl.wav"
  }
},
{
  "model": "service_development.voicefragment",
  "pk": 46,
  "fields": {
    "parent": 9,
    "language": 2,
    "audio": "pre_choice_option_en.wav"
  }
},
{
  "model": "service_development.voicefragment",
  "pk": 47,
  "fields": {
    "parent": 9,
    "language": 3,
    "audio": "pre_choice_option_fr.wav"
  }
},
{
  "model": "service_development.voicefragment",
  "pk": 48,
  "fields": {
    "parent": 8,
    "language": 1,
    "audio": "select_language_nl.wav"
  }
},
{
  "model": "service_development.voicefragment",
  "pk": 49,
  "fields": {
    "parent": 8,
    "language": 2,
    "audio": "select_language_en.wav"
  }
},
{
  "model": "service_development.voicefragment",
  "pk": 50,
  "fields": {
    "parent": 8,
    "language": 3,
    "audio": "select_language_fr.wav"
  }
},
{
  "model": "service_development.voicefragment",
  "pk": 51,
  "fields": {
    "parent": 7,
    "language": 1,
    "audio": "french_nl.wav"
  }
},
{
  "model": "service_development.voicefragment",
  "pk": 52,
  "fields": {
    "parent": 7,
    "language": 2,
    "audio": "french_en.wav"
  }
},
{
  "model": "service_development.voicefragment",
  "pk": 53,
  "fields": {
    "parent": 7,
    "language": 3,
    "audio": "french_fr.wav"
  }
},
{
  "model": "service_development.voicefragment",
  "pk": 54,
  "fields": {
    "parent": 6,
    "language": 3,
    "audio": "boring_guy_fr.wav"
  }
},
{
  "model": "service_development.voicefragment",
  "pk": 55,
  "fields": {
    "parent": 5,
    "language": 1,
    "audio": "thank_you_for_using_nl.wav"
  }
},
{
  "model": "service_development.voicefragment",
  "pk": 56,
  "fields": {
    "parent": 5,
    "language": 2,
    "audio": "thank_you_for_using_en.wav"
  }
},
{
  "model": "service_development.voicefragment",
  "pk": 57,
  "fields": {
    "parent": 5,
    "language": 3,
    "audio": "thank_you_for_using_fr.wav"
  }
},
{
  "model": "service_development.voicefragment",
  "pk": 58,
  "fields": {
    "parent": 4,
    "language": 1,
    "audio": "english_nl.wav"
  }
},
{
  "model": "service_development.voicefragment",
  "pk": 59,
  "fields": {
    "parent": 4,
    "language": 2,
    "audio": "english_en.wav"
  }
},
{
  "model": "service_development.voicefragment",
  "pk": 60,
  "fields": {
    "parent": 4,
    "language": 3,
    "audio": "english_fr.wav"
  }
},
{
  "model": "service_development.voicefragment",
  "pk": 61,
  "fields": {
    "parent": 3,
    "language": 1,
    "audio": "truth_nl.wav"
  }
},
{
  "model": "service_development.voicefragment",
  "pk": 62,
  "fields": {
    "parent": 3,
    "language": 2,
    "audio": "truth_en.wav"
  }
},
{
  "model": "service_development.voicefragment",
  "pk": 63,
  "fields": {
    "parent": 3,
    "language": 3,
    "audio": "truth_fr.wav"
  }
},
{
  "model": "service_development.voicefragment",
  "pk": 64,
  "fields": {
    "parent": 2,
    "language": 1,
    "audio": "error_nl.wav"
  }
},
{
  "model": "service_development.voicefragment",
  "pk": 65,
  "fields": {
    "parent": 2,
    "language": 2,
    "audio": "error_en.wav"
  }
},
{
  "model": "service_development.voicefragment",
  "pk": 66,
  "fields": {
    "parent": 2,
    "language": 3,
    "audio": "error_fr.wav"
  }
},
{
  "model": "service_development.voicefragment",
  "pk": 67,
  "fields": {
    "parent": 1,
    "language": 1,
    "audio": "dutch_nl.wav"
  }
},
{
  "model": "service_development.voicefragment",
  "pk": 68,
  "fields": {
    "parent": 1,
    "language": 2,
    "audio": "dutch_en.wav"
  }
},
{
  "model": "service_development.voicefragment",
  "pk": 69,
  "fields": {
    "parent": 1,
    "language": 3,
    "audio": "dutch_fr.wav"
  }
},
{
  "model": "service_development.voicefragment",
  "pk": 70,
  "fields": {
    "parent": 23,
    "language": 1,
    "audio": "king_question_nl.wav"
  }
},
{
  "model": "service_development.voicefragment",
  "pk": 71,
  "fields": {
    "parent": 23,
    "language": 2,
    "audio": "king_question_en.wav"
  }
},
{
  "model": "service_development.voicefragment",
  "pk": 72,
  "fields": {
    "parent": 23,
    "language": 3,
    "audio": "king_question_fr.wav"
  }
},
{
  "model": "service_development.voicefragment",
  "pk": 74,
  "fields": {
    "parent": 25,
    "language": 3,
    "audio": "speakYourMessage.wav"
  }
},
{
  "model": "service_development.voicefragment",
  "pk": 78,
  "fields": {
    "parent": 29,
    "language": 2,
    "audio": "wrongpost_KjUYrHx.wav"
  }
},
{
  "model": "service_development.voicefragment",
  "pk": 80,
  "fields": {
    "parent": 31,
    "language": 2,
    "audio": "type_ZJ2esef.wav"
  }
},
{
  "model": "service_development.voicefragment",
  "pk": 81,
  "fields": {
    "parent": 32,
    "language": 2,
    "audio": "correctchicken_aMM4muJ.wav"
  }
},
{
  "model": "service_development.voicefragment",
  "pk": 82,
  "fields": {
    "parent": 33,
    "language": 2,
    "audio": "correctcow_hS0dcvP.wav"
  }
},
{
  "model": "service_development.voicefragment",
  "pk": 84,
  "fields": {
    "parent": 35,
    "language": 2,
    "audio": "chickeneat_drink_J7G7P5S.wav"
  }
},
{
  "model": "service_development.voicefragment",
  "pk": 85,
  "fields": {
    "parent": 36,
    "language": 2,
    "audio": "tongueblister_1j8Ocm3.wav"
  }
},
{
  "model": "service_development.voicefragment",
  "pk": 86,
  "fields": {
    "parent": 37,
    "language": 2,
    "audio": "drooling_kho8u2Z.wav"
  }
},
{
  "model": "service_development.voicefragment",
  "pk": 87,
  "fields": {
    "parent": 38,
    "language": 2,
    "audio": "eyedischarge_Avauutv.wav"
  }
},
{
  "model": "service_development.voicefragment",
  "pk": 88,
  "fields": {
    "parent": 39,
    "language": 2,
    "audio": "sunlight_C8osRtH.wav"
  }
},
{
  "model": "service_development.voicefragment",
  "pk": 89,
  "fields": {
    "parent": 40,
    "language": 2,
    "audio": "blinking_E7B7pd5.wav"
  }
},
{
  "model": "service_development.voicefragment",
  "pk": 90,
  "fields": {
    "parent": 41,
    "language": 2,
    "audio": "reddening_sr2mivo.wav"
  }
},
{
  "model": "service_development.voicefragment",
  "pk": 91,
  "fields": {
    "parent": 42,
    "language": 2,
    "audio": "woodentongue_KVu5VyL.wav"
  }
},
{
  "model": "service_development.voicefragment",
  "pk": 92,
  "fields": {
    "parent": 43,
    "language": 2,
    "audio": "pinkeye_sI8iURI.wav"
  }
},
{
  "model": "service_development.voicefragment",
  "pk": 93,
  "fields": {
    "parent": 44,
    "language": 2,
    "audio": "infectiousbronchitis_nsVAtw2.wav"
  }
},
{
  "model": "service_development.voicefragment",
  "pk": 94,
  "fields": {
    "parent": 45,
    "language": 2,
    "audio": "fowlpox_4BYSkvW.wav"
  }
},
{
  "model": "service_development.voicefragment",
  "pk": 95,
  "fields": {
    "parent": 46,
    "language": 2,
    "audio": "chickeneat_drink_ah3Z1Gx.wav"
  }
},
{
  "model": "service_development.voicefragment",
  "pk": 96,
  "fields": {
    "parent": 47,
    "language": 2,
    "audio": "chickendischarge.wav"
  }
},
{
  "model": "service_development.voicefragment",
  "pk": 97,
  "fields": {
    "parent": 48,
    "language": 2,
    "audio": "cough_XX8PVnE.wav"
  }
},
{
  "model": "service_development.voicefragment",
  "pk": 98,
  "fields": {
    "parent": 49,
    "language": 2,
    "audio": "softshelled_WjjYPv2.wav"
  }
},
{
  "model": "service_development.voicefragment",
  "pk": 99,
  "fields": {
    "parent": 50,
    "language": 2,
    "audio": "whitespots_4cCRFnh.wav"
  }
},
{
  "model": "service_development.voicefragment",
  "pk": 100,
  "fields": {
    "parent": 51,
    "language": 2,
    "audio": "scabbysores_yWxez0c.wav"
  }
},
{
  "model": "service_development.voicefragment",
  "pk": 101,
  "fields": {
    "parent": 52,
    "language": 2,
    "audio": "chickentongueblisters_NxQr0E1.wav"
  }
},
{
  "model": "service_development.voicefragment",
  "pk": 102,
  "fields": {
    "parent": 53,
    "language": 2,
    "audio": "swollentongue_BMUsilC.wav"
  }
},
{
  "model": "service_development.voicefragment",
  "pk": 107,
  "fields": {
    "parent": 58,
    "language": 2,
    "audio": "Welcome_ljf0ZtF.wav"
  }
},
{
  "model": "service_development.voicefragment",
  "pk": 108,
  "fields": {
    "parent": 59,
    "language": 2,
    "audio": "cow_oNBJzRD.wav"
  }
},
{
  "model": "service_development.voicefragment",
  "pk": 109,
  "fields": {
    "parent": 60,
    "language": 2,
    "audio": "chicken_11s1KFT.wav"
  }
},
{
  "model": "service_development.voicefragment",
  "pk": 110,
  "fields": {
    "parent": 61,
    "language": 2,
    "audio": "urgency_786Kd35.wav"
  }
},
{
  "model": "service_development.voicefragment",
  "pk": 111,
  "fields": {
    "parent": 62,
    "language": 2,
    "audio": "mostlikely.wav"
  }
},
{
  "model": "service_development.voicefragment",
  "pk": 112,
  "fields": {
    "parent": 63,
    "language": 2,
    "audio": "mostlikely_Tv0mJiE.wav"
  }
},
{
  "model": "service_development.voiceservicesubelement",
  "pk": 5,
  "fields": {
    "service": 1,
    "creation_date": "2017-04-23T19:49:50.055Z",
    "modification_date": "2018-02-16T16:42:51.484Z",
    "name": "This is the truth",
    "description": "",
    "voice_label": 3
  }
},
{
  "model": "service_development.voiceservicesubelement",
  "pk": 6,
  "fields": {
    "service": 1,
    "creation_date": "2017-04-23T21:11:06.805Z",
    "modification_date": "2017-04-23T21:33:29.853Z",
    "name": "Thank you for using this service",
    "description": "",
    "voice_label": 5
  }
},
{
  "model": "service_development.voiceservicesubelement",
  "pk": 7,
  "fields": {
    "service": 1,
    "creation_date": "2017-04-23T21:36:55.756Z",
    "modification_date": "2017-04-23T21:36:55.756Z",
    "name": "King is boring",
    "description": "",
    "voice_label": 6
  }
},
{
  "model": "service_development.voiceservicesubelement",
  "pk": 17,
  "fields": {
    "service": 1,
    "creation_date": "2018-05-01T17:07:40.032Z",
    "modification_date": "2018-05-01T17:07:40.032Z",
    "name": "Incorrect Post",
    "description": "",
    "voice_label": 29
  }
},
{
  "model": "service_development.voiceservicesubelement",
  "pk": 18,
  "fields": {
    "service": 1,
    "creation_date": "2018-05-01T17:38:42.632Z",
    "modification_date": "2018-05-02T11:36:43.917Z",
    "name": "What type of animal?",
    "description": "",
    "voice_label": 31
  }
},
{
  "model": "service_development.voiceservicesubelement",
  "pk": 19,
  "fields": {
    "service": 1,
    "creation_date": "2018-05-01T17:38:42.637Z",
    "modification_date": "2018-05-02T11:36:43.923Z",
    "name": "Cow",
    "description": "",
    "voice_label": 59
  }
},
{
  "model": "service_development.voiceservicesubelement",
  "pk": 20,
  "fields": {
    "service": 1,
    "creation_date": "2018-05-01T17:38:42.639Z",
    "modification_date": "2018-05-02T11:36:43.925Z",
    "name": "Chicken",
    "description": "",
    "voice_label": 60
  }
},
{
  "model": "service_development.voiceservicesubelement",
  "pk": 21,
  "fields": {
    "service": 1,
    "creation_date": "2018-05-01T17:43:25.267Z",
    "modification_date": "2018-05-02T13:02:58.762Z",
    "name": "Cow correct?",
    "description": "",
    "voice_label": 33
  }
},
{
  "model": "service_development.voiceservicesubelement",
  "pk": 22,
  "fields": {
    "service": 1,
    "creation_date": "2018-05-01T17:43:25.271Z",
    "modification_date": "2018-05-01T17:55:37.043Z",
    "name": "Cow correct",
    "description": "",
    "voice_label": 21
  }
},
{
  "model": "service_development.voiceservicesubelement",
  "pk": 23,
  "fields": {
    "service": 1,
    "creation_date": "2018-05-01T17:43:25.273Z",
    "modification_date": "2018-05-01T17:43:25.273Z",
    "name": "Cow incorrect",
    "description": "",
    "voice_label": 22
  }
},
{
  "model": "service_development.voiceservicesubelement",
  "pk": 24,
  "fields": {
    "service": 1,
    "creation_date": "2018-05-01T17:45:34.720Z",
    "modification_date": "2018-05-01T19:44:16.244Z",
    "name": "Chicken correct?",
    "description": "",
    "voice_label": 32
  }
},
{
  "model": "service_development.voiceservicesubelement",
  "pk": 25,
  "fields": {
    "service": 1,
    "creation_date": "2018-05-01T17:45:34.726Z",
    "modification_date": "2018-05-01T19:44:16.249Z",
    "name": "Chicken correct",
    "description": "",
    "voice_label": 21
  }
},
{
  "model": "service_development.voiceservicesubelement",
  "pk": 26,
  "fields": {
    "service": 1,
    "creation_date": "2018-05-01T17:45:34.728Z",
    "modification_date": "2018-05-01T17:45:34.728Z",
    "name": "Chicken incorrect",
    "description": "",
    "voice_label": 22
  }
},
{
  "model": "service_development.voiceservicesubelement",
  "pk": 27,
  "fields": {
    "service": 1,
    "creation_date": "2018-05-01T17:55:14.669Z",
    "modification_date": "2018-05-02T11:51:11.779Z",
    "name": "Cow check 1",
    "description": "",
    "voice_label": 53
  }
},
{
  "model": "service_development.voiceservicesubelement",
  "pk": 28,
  "fields": {
    "service": 1,
    "creation_date": "2018-05-01T17:55:14.674Z",
    "modification_date": "2018-05-01T18:00:40.061Z",
    "name": "Has swollen tongue",
    "description": "",
    "voice_label": 21
  }
},
{
  "model": "service_development.voiceservicesubelement",
  "pk": 29,
  "fields": {
    "service": 1,
    "creation_date": "2018-05-01T17:55:14.676Z",
    "modification_date": "2018-05-02T11:46:59.400Z",
    "name": "No swollen tongue",
    "description": "",
    "voice_label": 22
  }
},
{
  "model": "service_development.voiceservicesubelement",
  "pk": 30,
  "fields": {
    "service": 1,
    "creation_date": "2018-05-01T17:58:00.943Z",
    "modification_date": "2018-05-02T11:54:08.525Z",
    "name": "Cow check 2",
    "description": "Is it able to eat or drink?",
    "voice_label": 35
  }
},
{
  "model": "service_development.voiceservicesubelement",
  "pk": 31,
  "fields": {
    "service": 1,
    "creation_date": "2018-05-01T17:58:00.950Z",
    "modification_date": "2018-05-01T18:03:35.450Z",
    "name": "Can eat or drink",
    "description": "",
    "voice_label": 21
  }
},
{
  "model": "service_development.voiceservicesubelement",
  "pk": 32,
  "fields": {
    "service": 1,
    "creation_date": "2018-05-01T17:58:00.951Z",
    "modification_date": "2018-05-02T11:54:08.531Z",
    "name": "Cannot eat or drink",
    "description": "",
    "voice_label": 22
  }
},
{
  "model": "service_development.voiceservicesubelement",
  "pk": 33,
  "fields": {
    "service": 1,
    "creation_date": "2018-05-01T18:02:38.997Z",
    "modification_date": "2018-05-02T13:01:15.701Z",
    "name": "Cow check 3",
    "description": "Does it have tongue blisters?",
    "voice_label": 36
  }
},
{
  "model": "service_development.voiceservicesubelement",
  "pk": 34,
  "fields": {
    "service": 1,
    "creation_date": "2018-05-01T18:02:39.001Z",
    "modification_date": "2018-05-01T18:18:17.564Z",
    "name": "Has tongue blisters",
    "description": "",
    "voice_label": 21
  }
},
{
  "model": "service_development.voiceservicesubelement",
  "pk": 35,
  "fields": {
    "service": 1,
    "creation_date": "2018-05-01T18:02:39.002Z",
    "modification_date": "2018-05-02T13:01:15.707Z",
    "name": "No tongue blisters",
    "description": "",
    "voice_label": 22
  }
},
{
  "model": "service_development.voiceservicesubelement",
  "pk": 36,
  "fields": {
    "service": 1,
    "creation_date": "2018-05-01T18:16:32.642Z",
    "modification_date": "2018-05-02T12:29:26.270Z",
    "name": "Cow check 4",
    "description": "Is it drooling a lot?",
    "voice_label": 37
  }
},
{
  "model": "service_development.voiceservicesubelement",
  "pk": 37,
  "fields": {
    "service": 1,
    "creation_date": "2018-05-01T18:16:32.647Z",
    "modification_date": "2018-05-02T11:52:16.267Z",
    "name": "Drooling",
    "description": "",
    "voice_label": 21
  }
},
{
  "model": "service_development.voiceservicesubelement",
  "pk": 38,
  "fields": {
    "service": 1,
    "creation_date": "2018-05-01T18:16:32.649Z",
    "modification_date": "2018-05-02T12:29:26.274Z",
    "name": "Not drooling",
    "description": "",
    "voice_label": 22
  }
},
{
  "model": "service_development.voiceservicesubelement",
  "pk": 39,
  "fields": {
    "service": 1,
    "creation_date": "2018-05-01T18:20:39.901Z",
    "modification_date": "2018-05-02T12:31:04.128Z",
    "name": "Cow check 5",
    "description": "Does it have plenty watery eye discharge?",
    "voice_label": 38
  }
},
{
  "model": "service_development.voiceservicesubelement",
  "pk": 40,
  "fields": {
    "service": 1,
    "creation_date": "2018-05-01T18:20:39.906Z",
    "modification_date": "2018-05-01T18:23:37.995Z",
    "name": "Has watery eye discharge",
    "description": "",
    "voice_label": 21
  }
},
{
  "model": "service_development.voiceservicesubelement",
  "pk": 41,
  "fields": {
    "service": 1,
    "creation_date": "2018-05-01T18:20:39.908Z",
    "modification_date": "2018-05-02T11:58:59.753Z",
    "name": "No watery eye discharge",
    "description": "",
    "voice_label": 22
  }
},
{
  "model": "service_development.voiceservicesubelement",
  "pk": 42,
  "fields": {
    "service": 1,
    "creation_date": "2018-05-01T18:22:53.687Z",
    "modification_date": "2018-05-02T12:31:56.736Z",
    "name": "Cow check 6",
    "description": "Does it have an aversion to sunlight?",
    "voice_label": 39
  }
},
{
  "model": "service_development.voiceservicesubelement",
  "pk": 43,
  "fields": {
    "service": 1,
    "creation_date": "2018-05-01T18:22:53.693Z",
    "modification_date": "2018-05-01T18:36:47.528Z",
    "name": "Sunlight aversion",
    "description": "",
    "voice_label": 21
  }
},
{
  "model": "service_development.voiceservicesubelement",
  "pk": 44,
  "fields": {
    "service": 1,
    "creation_date": "2018-05-01T18:22:53.695Z",
    "modification_date": "2018-05-02T12:31:56.741Z",
    "name": "No sunlight aversion",
    "description": "",
    "voice_label": 22
  }
},
{
  "model": "service_development.voiceservicesubelement",
  "pk": 45,
  "fields": {
    "service": 1,
    "creation_date": "2018-05-01T18:25:25.658Z",
    "modification_date": "2018-05-02T12:02:09.521Z",
    "name": "Cow check 7",
    "description": "Does it have signs of irritation, for example, excessive blinking?",
    "voice_label": 40
  }
},
{
  "model": "service_development.voiceservicesubelement",
  "pk": 46,
  "fields": {
    "service": 1,
    "creation_date": "2018-05-01T18:25:25.663Z",
    "modification_date": "2018-05-01T18:38:37.045Z",
    "name": "Irritation",
    "description": "",
    "voice_label": 21
  }
},
{
  "model": "service_development.voiceservicesubelement",
  "pk": 47,
  "fields": {
    "service": 1,
    "creation_date": "2018-05-01T18:25:25.664Z",
    "modification_date": "2018-05-02T12:02:09.527Z",
    "name": "No irritation",
    "description": "",
    "voice_label": 22
  }
},
{
  "model": "service_development.voiceservicesubelement",
  "pk": 48,
  "fields": {
    "service": 1,
    "creation_date": "2018-05-01T18:38:24.609Z",
    "modification_date": "2018-05-02T12:29:11.129Z",
    "name": "Cow check 8",
    "description": "Does it have reddening and swelling of the eyelids and the third eyelid?",
    "voice_label": 41
  }
},
{
  "model": "service_development.voiceservicesubelement",
  "pk": 49,
  "fields": {
    "service": 1,
    "creation_date": "2018-05-01T18:38:24.615Z",
    "modification_date": "2018-05-02T12:05:16.688Z",
    "name": "Reddening",
    "description": "",
    "voice_label": 21
  }
},
{
  "model": "service_development.voiceservicesubelement",
  "pk": 50,
  "fields": {
    "service": 1,
    "creation_date": "2018-05-01T18:38:24.616Z",
    "modification_date": "2018-05-02T12:29:11.134Z",
    "name": "No reddening",
    "description": "",
    "voice_label": 22
  }
},
{
  "model": "service_development.voiceservicesubelement",
  "pk": 51,
  "fields": {
    "service": 1,
    "creation_date": "2018-05-01T18:43:52.096Z",
    "modification_date": "2018-05-02T08:33:20.036Z",
    "name": "Disease: Wooden Tongue",
    "description": "The cow has wooden tongue",
    "voice_label": 42
  }
},
{
  "model": "service_development.voiceservicesubelement",
  "pk": 52,
  "fields": {
    "service": 1,
    "creation_date": "2018-05-01T18:44:57.030Z",
    "modification_date": "2018-05-02T08:33:49.902Z",
    "name": "Disease: Pink eye",
    "description": "The cow has pink eye",
    "voice_label": 43
  }
},
{
  "model": "service_development.voiceservicesubelement",
  "pk": 53,
  "fields": {
    "service": 1,
    "creation_date": "2018-05-01T18:48:00.537Z",
    "modification_date": "2018-05-02T08:31:24.142Z",
    "name": "Disease: Infectious Bronchitis",
    "description": "The chicken has infectious bronchitis",
    "voice_label": 44
  }
},
{
  "model": "service_development.voiceservicesubelement",
  "pk": 54,
  "fields": {
    "service": 1,
    "creation_date": "2018-05-01T18:48:51.273Z",
    "modification_date": "2018-05-02T08:33:33.552Z",
    "name": "Disease: Fowl Pox",
    "description": "The chicken has fowl pox",
    "voice_label": 45
  }
},
{
  "model": "service_development.voiceservicesubelement",
  "pk": 55,
  "fields": {
    "service": 1,
    "creation_date": "2018-05-01T19:35:25.197Z",
    "modification_date": "2018-05-02T12:02:57.435Z",
    "name": "Chicken check 1",
    "description": "Is there a decrease in eating and drinking?",
    "voice_label": 46
  }
},
{
  "model": "service_development.voiceservicesubelement",
  "pk": 56,
  "fields": {
    "service": 1,
    "creation_date": "2018-05-01T19:35:25.201Z",
    "modification_date": "2018-05-01T19:40:12.778Z",
    "name": "Decrease in eating & drinking",
    "description": "",
    "voice_label": 21
  }
},
{
  "model": "service_development.voiceservicesubelement",
  "pk": 57,
  "fields": {
    "service": 1,
    "creation_date": "2018-05-01T19:35:25.204Z",
    "modification_date": "2018-05-02T12:02:57.440Z",
    "name": "No decrease in eating & drinking",
    "description": "",
    "voice_label": 22
  }
},
{
  "model": "service_development.voiceservicesubelement",
  "pk": 58,
  "fields": {
    "service": 1,
    "creation_date": "2018-05-01T19:36:45.118Z",
    "modification_date": "2018-05-02T12:03:12.390Z",
    "name": "Chicken check 2",
    "description": "Does it have discharge from the nostrils and eyes?",
    "voice_label": 47
  }
},
{
  "model": "service_development.voiceservicesubelement",
  "pk": 59,
  "fields": {
    "service": 1,
    "creation_date": "2018-05-01T19:36:45.123Z",
    "modification_date": "2018-05-01T19:39:58.733Z",
    "name": "Discharge",
    "description": "",
    "voice_label": 21
  }
},
{
  "model": "service_development.voiceservicesubelement",
  "pk": 60,
  "fields": {
    "service": 1,
    "creation_date": "2018-05-01T19:36:45.125Z",
    "modification_date": "2018-05-02T12:03:12.396Z",
    "name": "No Discharge",
    "description": "",
    "voice_label": 22
  }
},
{
  "model": "service_development.voiceservicesubelement",
  "pk": 61,
  "fields": {
    "service": 1,
    "creation_date": "2018-05-01T19:38:00.742Z",
    "modification_date": "2018-05-02T12:03:37.903Z",
    "name": "Chicken check 3",
    "description": "Does it gasp, cough and make raspy breath sounds?",
    "voice_label": 48
  }
},
{
  "model": "service_development.voiceservicesubelement",
  "pk": 62,
  "fields": {
    "service": 1,
    "creation_date": "2018-05-01T19:38:00.747Z",
    "modification_date": "2018-05-01T19:39:41.174Z",
    "name": "Coughing",
    "description": "",
    "voice_label": 21
  }
},
{
  "model": "service_development.voiceservicesubelement",
  "pk": 63,
  "fields": {
    "service": 1,
    "creation_date": "2018-05-01T19:38:00.750Z",
    "modification_date": "2018-05-02T12:03:37.908Z",
    "name": "No coughing",
    "description": "",
    "voice_label": 22
  }
},
{
  "model": "service_development.voiceservicesubelement",
  "pk": 64,
  "fields": {
    "service": 1,
    "creation_date": "2018-05-01T19:39:21.975Z",
    "modification_date": "2018-05-02T12:30:07.359Z",
    "name": "Chicken check 4",
    "description": "s there a decrease in egg laying? Or are the eggs soft-shelled and watery inside?",
    "voice_label": 49
  }
},
{
  "model": "service_development.voiceservicesubelement",
  "pk": 65,
  "fields": {
    "service": 1,
    "creation_date": "2018-05-01T19:39:21.984Z",
    "modification_date": "2018-05-02T12:04:02.586Z",
    "name": "Soft-shelled",
    "description": "",
    "voice_label": 21
  }
},
{
  "model": "service_development.voiceservicesubelement",
  "pk": 66,
  "fields": {
    "service": 1,
    "creation_date": "2018-05-01T19:39:21.987Z",
    "modification_date": "2018-05-02T12:30:07.364Z",
    "name": "Not soft-shelled",
    "description": "",
    "voice_label": 22
  }
},
{
  "model": "service_development.voiceservicesubelement",
  "pk": 67,
  "fields": {
    "service": 1,
    "creation_date": "2018-05-01T19:41:15.455Z",
    "modification_date": "2018-05-02T12:04:14.254Z",
    "name": "Chicken check 5",
    "description": "Does it have white spots on its skin?",
    "voice_label": 50
  }
},
{
  "model": "service_development.voiceservicesubelement",
  "pk": 68,
  "fields": {
    "service": 1,
    "creation_date": "2018-05-01T19:41:15.460Z",
    "modification_date": "2018-05-01T19:43:52.838Z",
    "name": "White spots",
    "description": "",
    "voice_label": 21
  }
},
{
  "model": "service_development.voiceservicesubelement",
  "pk": 69,
  "fields": {
    "service": 1,
    "creation_date": "2018-05-01T19:41:15.462Z",
    "modification_date": "2018-05-02T12:04:14.259Z",
    "name": "No white spots",
    "description": "",
    "voice_label": 22
  }
},
{
  "model": "service_development.voiceservicesubelement",
  "pk": 70,
  "fields": {
    "service": 1,
    "creation_date": "2018-05-01T19:42:11.841Z",
    "modification_date": "2018-05-02T12:35:07.208Z",
    "name": "Chicken check 6",
    "description": "Does it have scabby sores on its combs?",
    "voice_label": 51
  }
},
{
  "model": "service_development.voiceservicesubelement",
  "pk": 71,
  "fields": {
    "service": 1,
    "creation_date": "2018-05-01T19:42:11.846Z",
    "modification_date": "2018-05-01T19:44:03.381Z",
    "name": "Scabby sores",
    "description": "",
    "voice_label": 21
  }
},
{
  "model": "service_development.voiceservicesubelement",
  "pk": 72,
  "fields": {
    "service": 1,
    "creation_date": "2018-05-01T19:42:11.848Z",
    "modification_date": "2018-05-02T12:13:55.997Z",
    "name": "No scabby sores",
    "description": "",
    "voice_label": 22
  }
},
{
  "model": "service_development.voiceservicesubelement",
  "pk": 73,
  "fields": {
    "service": 1,
    "creation_date": "2018-05-01T19:43:19.845Z",
    "modification_date": "2018-05-02T12:30:16.523Z",
    "name": "Chicken check 7",
    "description": "Does it have tongue blisters?",
    "voice_label": 52
  }
},
{
  "model": "service_development.voiceservicesubelement",
  "pk": 74,
  "fields": {
    "service": 1,
    "creation_date": "2018-05-01T19:43:19.850Z",
    "modification_date": "2018-05-02T12:04:44.838Z",
    "name": "Tongue Blisters",
    "description": "",
    "voice_label": 21
  }
},
{
  "model": "service_development.voiceservicesubelement",
  "pk": 75,
  "fields": {
    "service": 1,
    "creation_date": "2018-05-01T19:43:19.853Z",
    "modification_date": "2018-05-02T12:30:16.530Z",
    "name": "No tongue Blisters",
    "description": "",
    "voice_label": 22
  }
},
{
  "model": "service_development.voiceservicesubelement",
  "pk": 76,
  "fields": {
    "service": 1,
    "creation_date": "2018-05-02T07:29:56.083Z",
    "modification_date": "2018-05-02T08:59:49.220Z",
    "name": "Welcome message",
    "description": "",
    "voice_label": 58
  }
},
{
  "model": "service_development.voiceservicesubelement",
  "pk": 78,
  "fields": {
    "service": 1,
    "creation_date": "2018-05-02T11:45:59.466Z",
    "modification_date": "2018-05-02T12:59:21.394Z",
    "name": "No disease",
    "description": "",
    "voice_label": 61
  }
},
{
  "model": "service_development.voiceservicesubelement",
  "pk": 79,
  "fields": {
    "service": 1,
    "creation_date": "2018-05-02T12:28:47.625Z",
    "modification_date": "2018-05-02T12:57:21.084Z",
    "name": "Most Likely",
    "description": "",
    "voice_label": 63
  }
},
{
  "model": "service_development.voiceserviceelement",
  "pk": 5,
  "fields": {}
},
{
  "model": "service_development.voiceserviceelement",
  "pk": 6,
  "fields": {}
},
{
  "model": "service_development.voiceserviceelement",
  "pk": 7,
  "fields": {}
},
{
  "model": "service_development.voiceserviceelement",
  "pk": 17,
  "fields": {}
},
{
  "model": "service_development.voiceserviceelement",
  "pk": 18,
  "fields": {}
},
{
  "model": "service_development.voiceserviceelement",
  "pk": 21,
  "fields": {}
},
{
  "model": "service_development.voiceserviceelement",
  "pk": 24,
  "fields": {}
},
{
  "model": "service_development.voiceserviceelement",
  "pk": 27,
  "fields": {}
},
{
  "model": "service_development.voiceserviceelement",
  "pk": 30,
  "fields": {}
},
{
  "model": "service_development.voiceserviceelement",
  "pk": 33,
  "fields": {}
},
{
  "model": "service_development.voiceserviceelement",
  "pk": 36,
  "fields": {}
},
{
  "model": "service_development.voiceserviceelement",
  "pk": 39,
  "fields": {}
},
{
  "model": "service_development.voiceserviceelement",
  "pk": 42,
  "fields": {}
},
{
  "model": "service_development.voiceserviceelement",
  "pk": 45,
  "fields": {}
},
{
  "model": "service_development.voiceserviceelement",
  "pk": 48,
  "fields": {}
},
{
  "model": "service_development.voiceserviceelement",
  "pk": 51,
  "fields": {}
},
{
  "model": "service_development.voiceserviceelement",
  "pk": 52,
  "fields": {}
},
{
  "model": "service_development.voiceserviceelement",
  "pk": 53,
  "fields": {}
},
{
  "model": "service_development.voiceserviceelement",
  "pk": 54,
  "fields": {}
},
{
  "model": "service_development.voiceserviceelement",
  "pk": 55,
  "fields": {}
},
{
  "model": "service_development.voiceserviceelement",
  "pk": 58,
  "fields": {}
},
{
  "model": "service_development.voiceserviceelement",
  "pk": 61,
  "fields": {}
},
{
  "model": "service_development.voiceserviceelement",
  "pk": 64,
  "fields": {}
},
{
  "model": "service_development.voiceserviceelement",
  "pk": 67,
  "fields": {}
},
{
  "model": "service_development.voiceserviceelement",
  "pk": 70,
  "fields": {}
},
{
  "model": "service_development.voiceserviceelement",
  "pk": 73,
  "fields": {}
},
{
  "model": "service_development.voiceserviceelement",
  "pk": 76,
  "fields": {}
},
{
  "model": "service_development.voiceserviceelement",
  "pk": 78,
  "fields": {}
},
{
  "model": "service_development.voiceserviceelement",
  "pk": 79,
  "fields": {}
},
{
  "model": "service_development.voiceservice",
  "pk": 1,
  "fields": {
    "name": "Animal Diagnosis",
    "description": "An animal diagnosis that checks whether your cattle has a disease",
    "creation_date": "2017-04-23T19:23:52.392Z",
    "modification_date": "2018-05-02T07:30:24.147Z",
    "active": true,
    "_start_element": 76,
    "registration": "preferred",
    "registration_language": true,
    "registration_name": false,
    "supported_languages": [
      2
    ]
  }
},
{
  "model": "service_development.kasadakauser",
  "pk": 1,
  "fields": {
    "caller_id": "456",
    "first_name": "Henk",
    "last_name": "Ernia",
    "creation_date": "2018-02-02T11:10:27.670Z",
    "modification_date": "2018-02-12T14:44:24.019Z",
    "language": 1,
    "service": 1
  }
},
{
  "model": "service_development.choice",
  "pk": 18,
  "fields": {}
},
{
  "model": "service_development.choice",
  "pk": 21,
  "fields": {}
},
{
  "model": "service_development.choice",
  "pk": 24,
  "fields": {}
},
{
  "model": "service_development.choice",
  "pk": 27,
  "fields": {}
},
{
  "model": "service_development.choice",
  "pk": 30,
  "fields": {}
},
{
  "model": "service_development.choice",
  "pk": 33,
  "fields": {}
},
{
  "model": "service_development.choice",
  "pk": 36,
  "fields": {}
},
{
  "model": "service_development.choice",
  "pk": 39,
  "fields": {}
},
{
  "model": "service_development.choice",
  "pk": 42,
  "fields": {}
},
{
  "model": "service_development.choice",
  "pk": 45,
  "fields": {}
},
{
  "model": "service_development.choice",
  "pk": 48,
  "fields": {}
},
{
  "model": "service_development.choice",
  "pk": 55,
  "fields": {}
},
{
  "model": "service_development.choice",
  "pk": 58,
  "fields": {}
},
{
  "model": "service_development.choice",
  "pk": 61,
  "fields": {}
},
{
  "model": "service_development.choice",
  "pk": 64,
  "fields": {}
},
{
  "model": "service_development.choice",
  "pk": 67,
  "fields": {}
},
{
  "model": "service_development.choice",
  "pk": 70,
  "fields": {}
},
{
  "model": "service_development.choice",
  "pk": 73,
  "fields": {}
},
{
  "model": "service_development.choiceoption",
  "pk": 19,
  "fields": {
    "parent": 18,
    "_redirect": 21
  }
},
{
  "model": "service_development.choiceoption",
  "pk": 20,
  "fields": {
    "parent": 18,
    "_redirect": 24
  }
},
{
  "model": "service_development.choiceoption",
  "pk": 22,
  "fields": {
    "parent": 21,
    "_redirect": 27
  }
},
{
  "model": "service_development.choiceoption",
  "pk": 23,
  "fields": {
    "parent": 21,
    "_redirect": 18
  }
},
{
  "model": "service_development.choiceoption",
  "pk": 25,
  "fields": {
    "parent": 24,
    "_redirect": 55
  }
},
{
  "model": "service_development.choiceoption",
  "pk": 26,
  "fields": {
    "parent": 24,
    "_redirect": 18
  }
},
{
  "model": "service_development.choiceoption",
  "pk": 28,
  "fields": {
    "parent": 27,
    "_redirect": 30
  }
},
{
  "model": "service_development.choiceoption",
  "pk": 29,
  "fields": {
    "parent": 27,
    "_redirect": 39
  }
},
{
  "model": "service_development.choiceoption",
  "pk": 31,
  "fields": {
    "parent": 30,
    "_redirect": 33
  }
},
{
  "model": "service_development.choiceoption",
  "pk": 32,
  "fields": {
    "parent": 30,
    "_redirect": 39
  }
},
{
  "model": "service_development.choiceoption",
  "pk": 34,
  "fields": {
    "parent": 33,
    "_redirect": 36
  }
},
{
  "model": "service_development.choiceoption",
  "pk": 35,
  "fields": {
    "parent": 33,
    "_redirect": 39
  }
},
{
  "model": "service_development.choiceoption",
  "pk": 37,
  "fields": {
    "parent": 36,
    "_redirect": 51
  }
},
{
  "model": "service_development.choiceoption",
  "pk": 38,
  "fields": {
    "parent": 36,
    "_redirect": 79
  }
},
{
  "model": "service_development.choiceoption",
  "pk": 40,
  "fields": {
    "parent": 39,
    "_redirect": 42
  }
},
{
  "model": "service_development.choiceoption",
  "pk": 41,
  "fields": {
    "parent": 39,
    "_redirect": 78
  }
},
{
  "model": "service_development.choiceoption",
  "pk": 43,
  "fields": {
    "parent": 42,
    "_redirect": 45
  }
},
{
  "model": "service_development.choiceoption",
  "pk": 44,
  "fields": {
    "parent": 42,
    "_redirect": 45
  }
},
{
  "model": "service_development.choiceoption",
  "pk": 46,
  "fields": {
    "parent": 45,
    "_redirect": 48
  }
},
{
  "model": "service_development.choiceoption",
  "pk": 47,
  "fields": {
    "parent": 45,
    "_redirect": 78
  }
},
{
  "model": "service_development.choiceoption",
  "pk": 49,
  "fields": {
    "parent": 48,
    "_redirect": 52
  }
},
{
  "model": "service_development.choiceoption",
  "pk": 50,
  "fields": {
    "parent": 48,
    "_redirect": 79
  }
},
{
  "model": "service_development.choiceoption",
  "pk": 56,
  "fields": {
    "parent": 55,
    "_redirect": 58
  }
},
{
  "model": "service_development.choiceoption",
  "pk": 57,
  "fields": {
    "parent": 55,
    "_redirect": 67
  }
},
{
  "model": "service_development.choiceoption",
  "pk": 59,
  "fields": {
    "parent": 58,
    "_redirect": 61
  }
},
{
  "model": "service_development.choiceoption",
  "pk": 60,
  "fields": {
    "parent": 58,
    "_redirect": 67
  }
},
{
  "model": "service_development.choiceoption",
  "pk": 62,
  "fields": {
    "parent": 61,
    "_redirect": 64
  }
},
{
  "model": "service_development.choiceoption",
  "pk": 63,
  "fields": {
    "parent": 61,
    "_redirect": 67
  }
},
{
  "model": "service_development.choiceoption",
  "pk": 65,
  "fields": {
    "parent": 64,
    "_redirect": 53
  }
},
{
  "model": "service_development.choiceoption",
  "pk": 66,
  "fields": {
    "parent": 64,
    "_redirect": 79
  }
},
{
  "model": "service_development.choiceoption",
  "pk": 68,
  "fields": {
    "parent": 67,
    "_redirect": 70
  }
},
{
  "model": "service_development.choiceoption",
  "pk": 69,
  "fields": {
    "parent": 67,
    "_redirect": 78
  }
},
{
  "model": "service_development.choiceoption",
  "pk": 71,
  "fields": {
    "parent": 70,
    "_redirect": 73
  }
},
{
  "model": "service_development.choiceoption",
  "pk": 72,
  "fields": {
    "parent": 70,
    "_redirect": 73
  }
},
{
  "model": "service_development.choiceoption",
  "pk": 74,
  "fields": {
    "parent": 73,
    "_redirect": 54
  }
},
{
  "model": "service_development.choiceoption",
  "pk": 75,
  "fields": {
    "parent": 73,
    "_redirect": 79
  }
},
{
  "model": "service_development.messagepresentation",
  "pk": 5,
  "fields": {
    "final_element": false,
    "_redirect": 6
  }
},
{
  "model": "service_development.messagepresentation",
  "pk": 6,
  "fields": {
    "final_element": true,
    "_redirect": null
  }
},
{
  "model": "service_development.messagepresentation",
  "pk": 7,
  "fields": {
    "final_element": false,
    "_redirect": 6
  }
},
{
  "model": "service_development.messagepresentation",
  "pk": 17,
  "fields": {
    "final_element": true,
    "_redirect": null
  }
},
{
  "model": "service_development.messagepresentation",
  "pk": 51,
  "fields": {
    "final_element": false,
    "_redirect": 6
  }
},
{
  "model": "service_development.messagepresentation",
  "pk": 52,
  "fields": {
    "final_element": false,
    "_redirect": 6
  }
},
{
  "model": "service_development.messagepresentation",
  "pk": 53,
  "fields": {
    "final_element": false,
    "_redirect": 6
  }
},
{
  "model": "service_development.messagepresentation",
  "pk": 54,
  "fields": {
    "final_element": false,
    "_redirect": 6
  }
},
{
  "model": "service_development.messagepresentation",
  "pk": 76,
  "fields": {
    "final_element": false,
    "_redirect": 18
  }
},
{
  "model": "service_development.messagepresentation",
  "pk": 78,
  "fields": {
    "final_element": false,
    "_redirect": 6
  }
},
{
  "model": "service_development.messagepresentation",
  "pk": 79,
  "fields": {
    "final_element": false,
    "_redirect": 6
  }
}
]
