[
{
  "model": "service_development.voicelabel",
  "pk": 1,
  "fields": {
    "name": "Dutch language",
    "description": "Nederlandse taal"
  }
},
{
  "model": "service_development.voicelabel",
  "pk": 2,
  "fields": {
    "name": "General error message",
    "description": ""
  }
},
{
  "model": "service_development.voicelabel",
  "pk": 3,
  "fields": {
    "name": "This is the truth",
    "description": ""
  }
},
{
  "model": "service_development.voicelabel",
  "pk": 4,
  "fields": {
    "name": "English language",
    "description": null
  }
},
{
  "model": "service_development.voicelabel",
  "pk": 5,
  "fields": {
    "name": "Thank you for using this service",
    "description": ""
  }
},
{
  "model": "service_development.voicelabel",
  "pk": 6,
  "fields": {
    "name": "Wow, it must be a really boring guy!",
    "description": ""
  }
},
{
  "model": "service_development.voicelabel",
  "pk": 7,
  "fields": {
    "name": "French language",
    "description": ""
  }
},
{
  "model": "service_development.voicelabel",
  "pk": 8,
  "fields": {
    "name": "Please select your language",
    "description": ""
  }
},
{
  "model": "service_development.voicelabel",
  "pk": 9,
  "fields": {
    "name": "Pre Choice Option",
    "description": ""
  }
},
{
  "model": "service_development.voicelabel",
  "pk": 10,
  "fields": {
    "name": "Post Choice Option",
    "description": ""
  }
},
{
  "model": "service_development.voicelabel",
  "pk": 11,
  "fields": {
    "name": "One",
    "description": ""
  }
},
{
  "model": "service_development.voicelabel",
  "pk": 12,
  "fields": {
    "name": "Two",
    "description": ""
  }
},
{
  "model": "service_development.voicelabel",
  "pk": 13,
  "fields": {
    "name": "Three",
    "description": ""
  }
},
{
  "model": "service_development.voicelabel",
  "pk": 14,
  "fields": {
    "name": "Four",
    "description": ""
  }
},
{
  "model": "service_development.voicelabel",
  "pk": 15,
  "fields": {
    "name": "Five",
    "description": ""
  }
},
{
  "model": "service_development.voicelabel",
  "pk": 16,
  "fields": {
    "name": "Six",
    "description": ""
  }
},
{
  "model": "service_development.voicelabel",
  "pk": 17,
  "fields": {
    "name": "Seven",
    "description": ""
  }
},
{
  "model": "service_development.voicelabel",
  "pk": 18,
  "fields": {
    "name": "Eight",
    "description": ""
  }
},
{
  "model": "service_development.voicelabel",
  "pk": 19,
  "fields": {
    "name": "Nine",
    "description": ""
  }
},
{
  "model": "service_development.voicelabel",
  "pk": 20,
  "fields": {
    "name": "Zero",
    "description": ""
  }
},
{
  "model": "service_development.voicelabel",
  "pk": 21,
  "fields": {
    "name": "Yes",
    "description": null
  }
},
{
  "model": "service_development.voicelabel",
  "pk": 22,
  "fields": {
    "name": "No",
    "description": null
  }
},
{
  "model": "service_development.voicelabel",
  "pk": 23,
  "fields": {
    "name": "Does the king like to drink beer?",
    "description": ""
  }
},
{
  "model": "service_development.voicelabel",
  "pk": 25,
  "fields": {
    "name": "Please speak your message",
    "description": ""
  }
},
{
  "model": "service_development.voicelabel",
  "pk": 29,
  "fields": {
    "name": "Wrong post",
    "description": null
  }
},
{
  "model": "service_development.voicelabel",
  "pk": 31,
  "fields": {
    "name": "Type of animal?",
    "description": null
  }
},
{
  "model": "service_development.voicelabel",
  "pk": 32,
  "fields": {
    "name": "Chicken correct?",
    "description": null
  }
},
{
  "model": "service_development.voicelabel",
  "pk": 33,
  "fields": {
    "name": "Cow correct?",
    "description": null
  }
},
{
  "model": "service_development.voicelabel",
  "pk": 35,
  "fields": {
    "name": "Cow check 2",
    "description": "Does the cow have pale or yellow colored gums?"
  }
},
{
  "model": "service_development.voicelabel",
  "pk": 36,
  "fields": {
    "name": "Cow check 3",
    "description": "Is it experiencing weight loss?"
  }
},
{
  "model": "service_development.voicelabel",
  "pk": 37,
  "fields": {
    "name": "Cow check 4",
    "description": "Does the cow have ulcers on its skin?"
  }
},
{
  "model": "service_development.voicelabel",
  "pk": 38,
  "fields": {
    "name": "Cow check 5",
    "description": "Does it have swollen legs?"
  }
},
{
  "model": "service_development.voicelabel",
  "pk": 39,
  "fields": {
    "name": "Cow check 6",
    "description": "Does it have a fever?"
  }
},
{
  "model": "service_development.voicelabel",
  "pk": 40,
  "fields": {
    "name": "Cow check 7",
    "description": "Does it have excessive salivation?"
  }
},
{
  "model": "service_development.voicelabel",
  "pk": 41,
  "fields": {
    "name": "Cow check 8",
    "description": "Does it have constipation?"
  }
},
{
  "model": "service_development.voicelabel",
  "pk": 42,
  "fields": {
    "name": "Trypanosomosis",
    "description": null
  }
},
{
  "model": "service_development.voicelabel",
  "pk": 43,
  "fields": {
    "name": "Lumpy skin disease",
    "description": null
  }
},
{
  "model": "service_development.voicelabel",
  "pk": 44,
  "fields": {
    "name": "Infectious Bronchitis",
    "description": null
  }
},
{
  "model": "service_development.voicelabel",
  "pk": 45,
  "fields": {
    "name": "Fowl Pox",
    "description": null
  }
},
{
  "model": "service_development.voicelabel",
  "pk": 46,
  "fields": {
    "name": "Chicken check 1",
    "description": "Does it have discharge from the nostrils and eyes?"
  }
},
{
  "model": "service_development.voicelabel",
  "pk": 47,
  "fields": {
    "name": "Chicken check 2",
    "description": "Is there a decrease in egg laying? Or are the eggs soft-shelled and watery inside?"
  }
},
{
  "model": "service_development.voicelabel",
  "pk": 48,
  "fields": {
    "name": "Chicken check 3",
    "description": "Does it gasp, cough and make raspy breath sounds?"
  }
},
{
  "model": "service_development.voicelabel",
  "pk": 49,
  "fields": {
    "name": "Chicken check 4",
    "description": "Is there a decrease in eating and drinking?"
  }
},
{
  "model": "service_development.voicelabel",
  "pk": 50,
  "fields": {
    "name": "Chicken check 5",
    "description": "Is there a lost in appetite?"
  }
},
{
  "model": "service_development.voicelabel",
  "pk": 51,
  "fields": {
    "name": "Chicken check 6",
    "description": "Is there a decrease in egg production?"
  }
},
{
  "model": "service_development.voicelabel",
  "pk": 52,
  "fields": {
    "name": "Chicken check 7",
    "description": "Is it gasping, coughing and sneezing?"
  }
},
{
  "model": "service_development.voicelabel",
  "pk": 53,
  "fields": {
    "name": "Cow check 1",
    "description": "Does the cow have an irregular fever?"
  }
},
{
  "model": "service_development.voicelabel",
  "pk": 58,
  "fields": {
    "name": "Welcome",
    "description": null
  }
},
{
  "model": "service_development.voicelabel",
  "pk": 59,
  "fields": {
    "name": "Cow",
    "description": null
  }
},
{
  "model": "service_development.voicelabel",
  "pk": 60,
  "fields": {
    "name": "Chicken",
    "description": null
  }
},
{
  "model": "service_development.voicelabel",
  "pk": 61,
  "fields": {
    "name": "Not urgent",
    "description": null
  }
},
{
  "model": "service_development.voicelabel",
  "pk": 62,
  "fields": {
    "name": "Most Likely",
    "description": null
  }
},
{
  "model": "service_development.voicelabel",
  "pk": 63,
  "fields": {
    "name": "Most likely",
    "description": null
  }
},
{
  "model": "service_development.voicelabel",
  "pk": 64,
  "fields": {
    "name": "Chicken start",
    "description": null
  }
},
{
  "model": "service_development.voicelabel",
  "pk": 65,
  "fields": {
    "name": "Start checklist cow",
    "description": null
  }
},
{
  "model": "service_development.voicelabel",
  "pk": 66,
  "fields": {
    "name": "goat",
    "description": null
  }
},
{
  "model": "service_development.voicelabel",
  "pk": 67,
  "fields": {
    "name": "Start checklist goat",
    "description": null
  }
},
{
  "model": "service_development.voicelabel",
  "pk": 68,
  "fields": {
    "name": "cow check 9",
    "description": "Does the cow have a lost of appetite?"
  }
},
{
  "model": "service_development.voicelabel",
  "pk": 69,
  "fields": {
    "name": "Cow check 11",
    "description": "Does it have a fever?"
  }
},
{
  "model": "service_development.voicelabel",
  "pk": 70,
  "fields": {
    "name": "Gall-Sickness",
    "description": null
  }
},
{
  "model": "service_development.voicelabel",
  "pk": 71,
  "fields": {
    "name": "Cow check 10",
    "description": "Does the cow have pale or yellow colored gums?"
  }
},
{
  "model": "service_development.voicelabel",
  "pk": 72,
  "fields": {
    "name": "Newcastle disease",
    "description": null
  }
},
{
  "model": "service_development.voicelabel",
  "pk": 73,
  "fields": {
    "name": "Chicken check 8",
    "description": "Does it have white spots on its skin?"
  }
},
{
  "model": "service_development.voicelabel",
  "pk": 74,
  "fields": {
    "name": "Chicken check 9",
    "description": "Does it have scabby sores on its combs?"
  }
},
{
  "model": "service_development.voicelabel",
  "pk": 75,
  "fields": {
    "name": "Chicken check 10",
    "description": "Does it have tongue blisters?"
  }
},
{
  "model": "service_development.voicelabel",
  "pk": 76,
  "fields": {
    "name": "Goat check 1",
    "description": "Does the goat have sores in the mouth?"
  }
},
{
  "model": "service_development.voicelabel",
  "pk": 77,
  "fields": {
    "name": "Goat check 2",
    "description": "Does the goat have diarrhea?"
  }
},
{
  "model": "service_development.voicelabel",
  "pk": 78,
  "fields": {
    "name": "Goat check 3",
    "description": "Does the goat have fever?"
  }
},
{
  "model": "service_development.voicelabel",
  "pk": 79,
  "fields": {
    "name": "Goat check 4",
    "description": "Do you see a rash on the goat? Is it really visible?"
  }
},
{
  "model": "service_development.voicelabel",
  "pk": 80,
  "fields": {
    "name": "Goat check 5",
    "description": "Is the color of the rash red?"
  }
},
{
  "model": "service_development.voicelabel",
  "pk": 81,
  "fields": {
    "name": "Goat check 6",
    "description": "Is the skin dry?"
  }
},
{
  "model": "service_development.voicelabel",
  "pk": 82,
  "fields": {
    "name": "Goat check 7",
    "description": "Does the goat have decreased quality of skins, wool or mohair?"
  }
},
{
  "model": "service_development.voicelabel",
  "pk": 83,
  "fields": {
    "name": "Goat check 8",
    "description": "Does the goat have infections?"
  }
},
{
  "model": "service_development.voicelabel",
  "pk": 84,
  "fields": {
    "name": "Goat check 9",
    "description": "Does have the goat have direct losses?"
  }
},
{
  "model": "service_development.voicelabel",
  "pk": 85,
  "fields": {
    "name": "Helminthosis",
    "description": null
  }
},
{
  "model": "service_development.voicelabel",
  "pk": 86,
  "fields": {
    "name": "PPR",
    "description": null
  }
},
{
  "model": "service_development.voicelabel",
  "pk": 87,
  "fields": {
    "name": "CE",
    "description": null
  }
},
{
  "model": "service_development.language",
  "pk": 1,
  "fields": {
    "name": "Nederlands",
    "code": "nl",
    "voice_label": 1,
    "error_message": 2,
    "select_language": 8,
    "pre_choice_option": 9,
    "post_choice_option": 10,
    "one": 11,
    "two": 12,
    "three": 13,
    "four": 14,
    "five": 15,
    "six": 16,
    "seven": 17,
    "eight": 18,
    "nine": 19,
    "zero": 20
  }
},
{
  "model": "service_development.language",
  "pk": 2,
  "fields": {
    "name": "English",
    "code": "en",
    "voice_label": 4,
    "error_message": 2,
    "select_language": 8,
    "pre_choice_option": 9,
    "post_choice_option": 10,
    "one": 11,
    "two": 12,
    "three": 13,
    "four": 14,
    "five": 15,
    "six": 16,
    "seven": 17,
    "eight": 18,
    "nine": 19,
    "zero": 20
  }
},
{
  "model": "service_development.language",
  "pk": 3,
  "fields": {
    "name": "Francais",
    "code": "fr",
    "voice_label": 7,
    "error_message": 2,
    "select_language": 8,
    "pre_choice_option": 9,
    "post_choice_option": 10,
    "one": 11,
    "two": 12,
    "three": 13,
    "four": 14,
    "five": 15,
    "six": 16,
    "seven": 17,
    "eight": 18,
    "nine": 19,
    "zero": 20
  }
},
{
  "model": "service_development.voicefragment",
  "pk": 1,
  "fields": {
    "parent": 6,
    "language": 2,
    "audio": "boring_guy_en.wav"
  }
},
{
  "model": "service_development.voicefragment",
  "pk": 2,
  "fields": {
    "parent": 6,
    "language": 1,
    "audio": "boring_guy_nl.wav"
  }
},
{
  "model": "service_development.voicefragment",
  "pk": 6,
  "fields": {
    "parent": 22,
    "language": 1,
    "audio": "no_nl.wav"
  }
},
{
  "model": "service_development.voicefragment",
  "pk": 7,
  "fields": {
    "parent": 22,
    "language": 2,
    "audio": "no_A3JLUtJ.wav"
  }
},
{
  "model": "service_development.voicefragment",
  "pk": 8,
  "fields": {
    "parent": 22,
    "language": 3,
    "audio": "no_fr.wav"
  }
},
{
  "model": "service_development.voicefragment",
  "pk": 9,
  "fields": {
    "parent": 21,
    "language": 1,
    "audio": "yes_nl.wav"
  }
},
{
  "model": "service_development.voicefragment",
  "pk": 10,
  "fields": {
    "parent": 21,
    "language": 2,
    "audio": "yes_l4VR0hc.wav"
  }
},
{
  "model": "service_development.voicefragment",
  "pk": 11,
  "fields": {
    "parent": 21,
    "language": 3,
    "audio": "yes_fr.wav"
  }
},
{
  "model": "service_development.voicefragment",
  "pk": 12,
  "fields": {
    "parent": 20,
    "language": 1,
    "audio": "0_nl.wav"
  }
},
{
  "model": "service_development.voicefragment",
  "pk": 13,
  "fields": {
    "parent": 20,
    "language": 2,
    "audio": "0_en.wav"
  }
},
{
  "model": "service_development.voicefragment",
  "pk": 14,
  "fields": {
    "parent": 20,
    "language": 3,
    "audio": "0_fr.wav"
  }
},
{
  "model": "service_development.voicefragment",
  "pk": 15,
  "fields": {
    "parent": 19,
    "language": 1,
    "audio": "9_nl.wav"
  }
},
{
  "model": "service_development.voicefragment",
  "pk": 16,
  "fields": {
    "parent": 19,
    "language": 2,
    "audio": "9_fr.wav"
  }
},
{
  "model": "service_development.voicefragment",
  "pk": 17,
  "fields": {
    "parent": 19,
    "language": 3,
    "audio": "9_en.wav"
  }
},
{
  "model": "service_development.voicefragment",
  "pk": 18,
  "fields": {
    "parent": 18,
    "language": 1,
    "audio": "8_nl.wav"
  }
},
{
  "model": "service_development.voicefragment",
  "pk": 19,
  "fields": {
    "parent": 18,
    "language": 2,
    "audio": "8_en.wav"
  }
},
{
  "model": "service_development.voicefragment",
  "pk": 20,
  "fields": {
    "parent": 18,
    "language": 3,
    "audio": "8_fr.wav"
  }
},
{
  "model": "service_development.voicefragment",
  "pk": 21,
  "fields": {
    "parent": 17,
    "language": 1,
    "audio": "7_nl.wav"
  }
},
{
  "model": "service_development.voicefragment",
  "pk": 22,
  "fields": {
    "parent": 17,
    "language": 2,
    "audio": "7_en.wav"
  }
},
{
  "model": "service_development.voicefragment",
  "pk": 23,
  "fields": {
    "parent": 17,
    "language": 3,
    "audio": "7_fr.wav"
  }
},
{
  "model": "service_development.voicefragment",
  "pk": 24,
  "fields": {
    "parent": 16,
    "language": 1,
    "audio": "6_nl.wav"
  }
},
{
  "model": "service_development.voicefragment",
  "pk": 25,
  "fields": {
    "parent": 16,
    "language": 2,
    "audio": "6_en.wav"
  }
},
{
  "model": "service_development.voicefragment",
  "pk": 26,
  "fields": {
    "parent": 16,
    "language": 3,
    "audio": "6_fr.wav"
  }
},
{
  "model": "service_development.voicefragment",
  "pk": 27,
  "fields": {
    "parent": 15,
    "language": 1,
    "audio": "5_nl.wav"
  }
},
{
  "model": "service_development.voicefragment",
  "pk": 28,
  "fields": {
    "parent": 15,
    "language": 2,
    "audio": "5_en.wav"
  }
},
{
  "model": "service_development.voicefragment",
  "pk": 29,
  "fields": {
    "parent": 15,
    "language": 3,
    "audio": "5_fr.wav"
  }
},
{
  "model": "service_development.voicefragment",
  "pk": 30,
  "fields": {
    "parent": 14,
    "language": 1,
    "audio": "4_nl.wav"
  }
},
{
  "model": "service_development.voicefragment",
  "pk": 31,
  "fields": {
    "parent": 14,
    "language": 2,
    "audio": "4_fr.wav"
  }
},
{
  "model": "service_development.voicefragment",
  "pk": 32,
  "fields": {
    "parent": 14,
    "language": 3,
    "audio": "4_en.wav"
  }
},
{
  "model": "service_development.voicefragment",
  "pk": 33,
  "fields": {
    "parent": 13,
    "language": 1,
    "audio": "3_nl.wav"
  }
},
{
  "model": "service_development.voicefragment",
  "pk": 34,
  "fields": {
    "parent": 13,
    "language": 2,
    "audio": "3_en.wav"
  }
},
{
  "model": "service_development.voicefragment",
  "pk": 35,
  "fields": {
    "parent": 13,
    "language": 3,
    "audio": "3_fr.wav"
  }
},
{
  "model": "service_development.voicefragment",
  "pk": 36,
  "fields": {
    "parent": 12,
    "language": 1,
    "audio": "2_nl.wav"
  }
},
{
  "model": "service_development.voicefragment",
  "pk": 37,
  "fields": {
    "parent": 12,
    "language": 2,
    "audio": "2_en.wav"
  }
},
{
  "model": "service_development.voicefragment",
  "pk": 38,
  "fields": {
    "parent": 12,
    "language": 3,
    "audio": "2_fr.wav"
  }
},
{
  "model": "service_development.voicefragment",
  "pk": 39,
  "fields": {
    "parent": 11,
    "language": 1,
    "audio": "1_nl.wav"
  }
},
{
  "model": "service_development.voicefragment",
  "pk": 40,
  "fields": {
    "parent": 11,
    "language": 2,
    "audio": "1_en.wav"
  }
},
{
  "model": "service_development.voicefragment",
  "pk": 41,
  "fields": {
    "parent": 11,
    "language": 3,
    "audio": "1_fr.wav"
  }
},
{
  "model": "service_development.voicefragment",
  "pk": 42,
  "fields": {
    "parent": 10,
    "language": 1,
    "audio": "post_choice_option_nl.wav"
  }
},
{
  "model": "service_development.voicefragment",
  "pk": 43,
  "fields": {
    "parent": 10,
    "language": 2,
    "audio": "post_choice_option_en.wav"
  }
},
{
  "model": "service_development.voicefragment",
  "pk": 44,
  "fields": {
    "parent": 10,
    "language": 3,
    "audio": "post_choice_option_fr.wav"
  }
},
{
  "model": "service_development.voicefragment",
  "pk": 45,
  "fields": {
    "parent": 9,
    "language": 1,
    "audio": "pre_choice_option_nl.wav"
  }
},
{
  "model": "service_development.voicefragment",
  "pk": 46,
  "fields": {
    "parent": 9,
    "language": 2,
    "audio": "pre_choice_option_en.wav"
  }
},
{
  "model": "service_development.voicefragment",
  "pk": 47,
  "fields": {
    "parent": 9,
    "language": 3,
    "audio": "pre_choice_option_fr.wav"
  }
},
{
  "model": "service_development.voicefragment",
  "pk": 48,
  "fields": {
    "parent": 8,
    "language": 1,
    "audio": "select_language_nl.wav"
  }
},
{
  "model": "service_development.voicefragment",
  "pk": 49,
  "fields": {
    "parent": 8,
    "language": 2,
    "audio": "select_language_en.wav"
  }
},
{
  "model": "service_development.voicefragment",
  "pk": 50,
  "fields": {
    "parent": 8,
    "language": 3,
    "audio": "select_language_fr.wav"
  }
},
{
  "model": "service_development.voicefragment",
  "pk": 51,
  "fields": {
    "parent": 7,
    "language": 1,
    "audio": "french_nl.wav"
  }
},
{
  "model": "service_development.voicefragment",
  "pk": 52,
  "fields": {
    "parent": 7,
    "language": 2,
    "audio": "french_en.wav"
  }
},
{
  "model": "service_development.voicefragment",
  "pk": 53,
  "fields": {
    "parent": 7,
    "language": 3,
    "audio": "french_fr.wav"
  }
},
{
  "model": "service_development.voicefragment",
  "pk": 54,
  "fields": {
    "parent": 6,
    "language": 3,
    "audio": "boring_guy_fr.wav"
  }
},
{
  "model": "service_development.voicefragment",
  "pk": 55,
  "fields": {
    "parent": 5,
    "language": 1,
    "audio": "thank_you_for_using_nl.wav"
  }
},
{
  "model": "service_development.voicefragment",
  "pk": 56,
  "fields": {
    "parent": 5,
    "language": 2,
    "audio": "thank_you_for_using_en.wav"
  }
},
{
  "model": "service_development.voicefragment",
  "pk": 57,
  "fields": {
    "parent": 5,
    "language": 3,
    "audio": "thank_you_for_using_fr.wav"
  }
},
{
  "model": "service_development.voicefragment",
  "pk": 58,
  "fields": {
    "parent": 4,
    "language": 1,
    "audio": "english_nl.wav"
  }
},
{
  "model": "service_development.voicefragment",
  "pk": 59,
  "fields": {
    "parent": 4,
    "language": 2,
    "audio": "english_en.wav"
  }
},
{
  "model": "service_development.voicefragment",
  "pk": 60,
  "fields": {
    "parent": 4,
    "language": 3,
    "audio": "english_fr_XCufN73.wav"
  }
},
{
  "model": "service_development.voicefragment",
  "pk": 61,
  "fields": {
    "parent": 3,
    "language": 1,
    "audio": "truth_nl.wav"
  }
},
{
  "model": "service_development.voicefragment",
  "pk": 62,
  "fields": {
    "parent": 3,
    "language": 2,
    "audio": "truth_en.wav"
  }
},
{
  "model": "service_development.voicefragment",
  "pk": 63,
  "fields": {
    "parent": 3,
    "language": 3,
    "audio": "truth_fr.wav"
  }
},
{
  "model": "service_development.voicefragment",
  "pk": 64,
  "fields": {
    "parent": 2,
    "language": 1,
    "audio": "error_nl.wav"
  }
},
{
  "model": "service_development.voicefragment",
  "pk": 65,
  "fields": {
    "parent": 2,
    "language": 2,
    "audio": "error_en.wav"
  }
},
{
  "model": "service_development.voicefragment",
  "pk": 66,
  "fields": {
    "parent": 2,
    "language": 3,
    "audio": "error_fr.wav"
  }
},
{
  "model": "service_development.voicefragment",
  "pk": 67,
  "fields": {
    "parent": 1,
    "language": 1,
    "audio": "dutch_nl.wav"
  }
},
{
  "model": "service_development.voicefragment",
  "pk": 68,
  "fields": {
    "parent": 1,
    "language": 2,
    "audio": "dutch_en.wav"
  }
},
{
  "model": "service_development.voicefragment",
  "pk": 69,
  "fields": {
    "parent": 1,
    "language": 3,
    "audio": "dutch_fr.wav"
  }
},
{
  "model": "service_development.voicefragment",
  "pk": 70,
  "fields": {
    "parent": 23,
    "language": 1,
    "audio": "king_question_nl.wav"
  }
},
{
  "model": "service_development.voicefragment",
  "pk": 71,
  "fields": {
    "parent": 23,
    "language": 2,
    "audio": "king_question_en.wav"
  }
},
{
  "model": "service_development.voicefragment",
  "pk": 72,
  "fields": {
    "parent": 23,
    "language": 3,
    "audio": "king_question_fr.wav"
  }
},
{
  "model": "service_development.voicefragment",
  "pk": 74,
  "fields": {
    "parent": 25,
    "language": 3,
    "audio": "speakYourMessage.wav"
  }
},
{
  "model": "service_development.voicefragment",
  "pk": 78,
  "fields": {
    "parent": 29,
    "language": 2,
    "audio": "wrongpost_KjUYrHx.wav"
  }
},
{
  "model": "service_development.voicefragment",
  "pk": 80,
  "fields": {
    "parent": 31,
    "language": 2,
    "audio": "type_en.wav"
  }
},
{
  "model": "service_development.voicefragment",
  "pk": 81,
  "fields": {
    "parent": 32,
    "language": 2,
    "audio": "correctchicken_aMM4muJ.wav"
  }
},
{
  "model": "service_development.voicefragment",
  "pk": 82,
  "fields": {
    "parent": 33,
    "language": 2,
    "audio": "correctcow_hS0dcvP.wav"
  }
},
{
  "model": "service_development.voicefragment",
  "pk": 84,
  "fields": {
    "parent": 35,
    "language": 2,
    "audio": "check2_cowpalegums_en.wav"
  }
},
{
  "model": "service_development.voicefragment",
  "pk": 85,
  "fields": {
    "parent": 36,
    "language": 2,
    "audio": "check3_cowweightloss_en.wav"
  }
},
{
  "model": "service_development.voicefragment",
  "pk": 86,
  "fields": {
    "parent": 37,
    "language": 2,
    "audio": "check4_cowulcers_en.wav"
  }
},
{
  "model": "service_development.voicefragment",
  "pk": 87,
  "fields": {
    "parent": 38,
    "language": 2,
    "audio": "check5_cowswollenlegs_en.wav"
  }
},
{
  "model": "service_development.voicefragment",
  "pk": 88,
  "fields": {
    "parent": 39,
    "language": 2,
    "audio": "check6_cowfever_en.wav"
  }
},
{
  "model": "service_development.voicefragment",
  "pk": 89,
  "fields": {
    "parent": 40,
    "language": 2,
    "audio": "check7_cowsalivation_en.wav"
  }
},
{
  "model": "service_development.voicefragment",
  "pk": 90,
  "fields": {
    "parent": 41,
    "language": 2,
    "audio": "check8_cowconstipation_en.wav"
  }
},
{
  "model": "service_development.voicefragment",
  "pk": 91,
  "fields": {
    "parent": 42,
    "language": 2,
    "audio": "cow1_Trypanosomosis_en.wav"
  }
},
{
  "model": "service_development.voicefragment",
  "pk": 92,
  "fields": {
    "parent": 43,
    "language": 2,
    "audio": "cow2_LumpySkinDisease_en.wav"
  }
},
{
  "model": "service_development.voicefragment",
  "pk": 93,
  "fields": {
    "parent": 44,
    "language": 2,
    "audio": "chicken2_InfectiousBronchitis_en.wav"
  }
},
{
  "model": "service_development.voicefragment",
  "pk": 94,
  "fields": {
    "parent": 45,
    "language": 2,
    "audio": "chicken3_fowlpox_en.wav"
  }
},
{
  "model": "service_development.voicefragment",
  "pk": 95,
  "fields": {
    "parent": 46,
    "language": 2,
    "audio": "check4_chickendischarge_en.wav"
  }
},
{
  "model": "service_development.voicefragment",
  "pk": 96,
  "fields": {
    "parent": 47,
    "language": 2,
    "audio": "check4_chickendischarge_en_TqffX62.wav"
  }
},
{
  "model": "service_development.voicefragment",
  "pk": 97,
  "fields": {
    "parent": 48,
    "language": 2,
    "audio": "check2_chickencough_en.wav"
  }
},
{
  "model": "service_development.voicefragment",
  "pk": 98,
  "fields": {
    "parent": 49,
    "language": 2,
    "audio": "check3_chickenappetite_en.wav"
  }
},
{
  "model": "service_development.voicefragment",
  "pk": 99,
  "fields": {
    "parent": 50,
    "language": 2,
    "audio": "check5_chickenappetite_en.wav"
  }
},
{
  "model": "service_development.voicefragment",
  "pk": 100,
  "fields": {
    "parent": 51,
    "language": 2,
    "audio": "check1_chickenegglaying_en.wav"
  }
},
{
  "model": "service_development.voicefragment",
  "pk": 101,
  "fields": {
    "parent": 52,
    "language": 2,
    "audio": "check7_chickencough_en.wav"
  }
},
{
  "model": "service_development.voicefragment",
  "pk": 102,
  "fields": {
    "parent": 53,
    "language": 2,
    "audio": "check1_cowfever_en.wav"
  }
},
{
  "model": "service_development.voicefragment",
  "pk": 107,
  "fields": {
    "parent": 58,
    "language": 2,
    "audio": "welcome_en.wav"
  }
},
{
  "model": "service_development.voicefragment",
  "pk": 108,
  "fields": {
    "parent": 59,
    "language": 2,
    "audio": "cow_en.wav"
  }
},
{
  "model": "service_development.voicefragment",
  "pk": 109,
  "fields": {
    "parent": 60,
    "language": 2,
    "audio": "chicken_en.wav"
  }
},
{
  "model": "service_development.voicefragment",
  "pk": 110,
  "fields": {
    "parent": 61,
    "language": 2,
    "audio": "NoDisease_en.wav"
  }
},
{
  "model": "service_development.voicefragment",
  "pk": 111,
  "fields": {
    "parent": 62,
    "language": 2,
    "audio": "mostlikely.wav"
  }
},
{
  "model": "service_development.voicefragment",
  "pk": 112,
  "fields": {
    "parent": 63,
    "language": 2,
    "audio": "MostLikely_en.wav"
  }
},
{
  "model": "service_development.voicefragment",
  "pk": 113,
  "fields": {
    "parent": 58,
    "language": 3,
    "audio": "welcome_fr.wav"
  }
},
{
  "model": "service_development.voicefragment",
  "pk": 114,
  "fields": {
    "parent": 31,
    "language": 3,
    "audio": "type_fr.wav"
  }
},
{
  "model": "service_development.voicefragment",
  "pk": 115,
  "fields": {
    "parent": 59,
    "language": 3,
    "audio": "cow_fr.wav"
  }
},
{
  "model": "service_development.voicefragment",
  "pk": 116,
  "fields": {
    "parent": 60,
    "language": 3,
    "audio": "chicken_fr.wav"
  }
},
{
  "model": "service_development.voicefragment",
  "pk": 117,
  "fields": {
    "parent": 64,
    "language": 2,
    "audio": "chickenstart_en.wav"
  }
},
{
  "model": "service_development.voicefragment",
  "pk": 118,
  "fields": {
    "parent": 64,
    "language": 3,
    "audio": "chickenstart_fr.wav"
  }
},
{
  "model": "service_development.voicefragment",
  "pk": 119,
  "fields": {
    "parent": 65,
    "language": 2,
    "audio": "cowstart_en.wav"
  }
},
{
  "model": "service_development.voicefragment",
  "pk": 120,
  "fields": {
    "parent": 65,
    "language": 3,
    "audio": "cowstart_fr.wav"
  }
},
{
  "model": "service_development.voicefragment",
  "pk": 121,
  "fields": {
    "parent": 66,
    "language": 2,
    "audio": "goat_en.wav"
  }
},
{
  "model": "service_development.voicefragment",
  "pk": 122,
  "fields": {
    "parent": 66,
    "language": 3,
    "audio": "goat_fr.wav"
  }
},
{
  "model": "service_development.voicefragment",
  "pk": 123,
  "fields": {
    "parent": 67,
    "language": 2,
    "audio": "goatstart_en.wav"
  }
},
{
  "model": "service_development.voicefragment",
  "pk": 124,
  "fields": {
    "parent": 67,
    "language": 3,
    "audio": "goatstart_fr.wav"
  }
},
{
  "model": "service_development.voicefragment",
  "pk": 125,
  "fields": {
    "parent": 53,
    "language": 3,
    "audio": "check1_cowfever_fr.wav"
  }
},
{
  "model": "service_development.voicefragment",
  "pk": 126,
  "fields": {
    "parent": 35,
    "language": 3,
    "audio": "check2_cowpalegums_fr.wav"
  }
},
{
  "model": "service_development.voicefragment",
  "pk": 127,
  "fields": {
    "parent": 36,
    "language": 3,
    "audio": "check3_cowweightloss_fr.wav"
  }
},
{
  "model": "service_development.voicefragment",
  "pk": 128,
  "fields": {
    "parent": 42,
    "language": 3,
    "audio": "cow1_Trypanosomosis_fr.wav"
  }
},
{
  "model": "service_development.voicefragment",
  "pk": 129,
  "fields": {
    "parent": 37,
    "language": 3,
    "audio": "check4_cowulcers_fr.wav"
  }
},
{
  "model": "service_development.voicefragment",
  "pk": 130,
  "fields": {
    "parent": 38,
    "language": 3,
    "audio": "check5_cowswollennlegs_fr.wav"
  }
},
{
  "model": "service_development.voicefragment",
  "pk": 131,
  "fields": {
    "parent": 39,
    "language": 3,
    "audio": "check6_cowfever_fr.wav"
  }
},
{
  "model": "service_development.voicefragment",
  "pk": 132,
  "fields": {
    "parent": 40,
    "language": 3,
    "audio": "check7_cowsalivation_fr.wav"
  }
},
{
  "model": "service_development.voicefragment",
  "pk": 133,
  "fields": {
    "parent": 41,
    "language": 3,
    "audio": "check8_cowconstipation_fr.wav"
  }
},
{
  "model": "service_development.voicefragment",
  "pk": 134,
  "fields": {
    "parent": 43,
    "language": 3,
    "audio": "cow2_LumpySkinDisease_fr.wav"
  }
},
{
  "model": "service_development.voicefragment",
  "pk": 135,
  "fields": {
    "parent": 68,
    "language": 2,
    "audio": "check9_cowappetite_en.wav"
  }
},
{
  "model": "service_development.voicefragment",
  "pk": 136,
  "fields": {
    "parent": 68,
    "language": 3,
    "audio": "check9_cowappetite_fr.wav"
  }
},
{
  "model": "service_development.voicefragment",
  "pk": 137,
  "fields": {
    "parent": 69,
    "language": 2,
    "audio": "check11_cowfever_en.wav"
  }
},
{
  "model": "service_development.voicefragment",
  "pk": 138,
  "fields": {
    "parent": 69,
    "language": 3,
    "audio": "check11_cowfever_fr.wav"
  }
},
{
  "model": "service_development.voicefragment",
  "pk": 139,
  "fields": {
    "parent": 70,
    "language": 2,
    "audio": "cow3_gallsickness_en.wav"
  }
},
{
  "model": "service_development.voicefragment",
  "pk": 140,
  "fields": {
    "parent": 70,
    "language": 3,
    "audio": "cow3_gallsickness_fr.wav"
  }
},
{
  "model": "service_development.voicefragment",
  "pk": 141,
  "fields": {
    "parent": 71,
    "language": 2,
    "audio": "check10_cowpalegums_en.wav"
  }
},
{
  "model": "service_development.voicefragment",
  "pk": 142,
  "fields": {
    "parent": 71,
    "language": 3,
    "audio": "check10_cowpalegums_fr.wav"
  }
},
{
  "model": "service_development.voicefragment",
  "pk": 143,
  "fields": {
    "parent": 46,
    "language": 3,
    "audio": "check4_chickendischarge_fr.wav"
  }
},
{
  "model": "service_development.voicefragment",
  "pk": 144,
  "fields": {
    "parent": 47,
    "language": 3,
    "audio": "check4_chickendischarge_fr_NuCoGTm.wav"
  }
},
{
  "model": "service_development.voicefragment",
  "pk": 145,
  "fields": {
    "parent": 48,
    "language": 3,
    "audio": "check2_chickencough_fr.wav"
  }
},
{
  "model": "service_development.voicefragment",
  "pk": 146,
  "fields": {
    "parent": 49,
    "language": 3,
    "audio": "check3_chickenappetite_fr.wav"
  }
},
{
  "model": "service_development.voicefragment",
  "pk": 147,
  "fields": {
    "parent": 44,
    "language": 3,
    "audio": "chicken2_InfectiousBronchitis_fr.wav"
  }
},
{
  "model": "service_development.voicefragment",
  "pk": 148,
  "fields": {
    "parent": 72,
    "language": 2,
    "audio": "chicken1_newcastle_en.wav"
  }
},
{
  "model": "service_development.voicefragment",
  "pk": 149,
  "fields": {
    "parent": 72,
    "language": 3,
    "audio": "chicken1_newcastle_fr.wav"
  }
},
{
  "model": "service_development.voicefragment",
  "pk": 150,
  "fields": {
    "parent": 45,
    "language": 3,
    "audio": "chicken3_fowlpox_fr.wav"
  }
},
{
  "model": "service_development.voicefragment",
  "pk": 151,
  "fields": {
    "parent": 50,
    "language": 3,
    "audio": "check5_chickenappetite_fr.wav"
  }
},
{
  "model": "service_development.voicefragment",
  "pk": 152,
  "fields": {
    "parent": 51,
    "language": 3,
    "audio": "check1_chickenegglaying_fr.wav"
  }
},
{
  "model": "service_development.voicefragment",
  "pk": 153,
  "fields": {
    "parent": 52,
    "language": 3,
    "audio": "check7_chickencough_fr.wav"
  }
},
{
  "model": "service_development.voicefragment",
  "pk": 154,
  "fields": {
    "parent": 73,
    "language": 2,
    "audio": "check7_chickenwhitespots_en.wav"
  }
},
{
  "model": "service_development.voicefragment",
  "pk": 155,
  "fields": {
    "parent": 73,
    "language": 3,
    "audio": "check7_chickenwhitespots_fr.wav"
  }
},
{
  "model": "service_development.voicefragment",
  "pk": 156,
  "fields": {
    "parent": 74,
    "language": 2,
    "audio": "check8_chickenscabbysores_en.wav"
  }
},
{
  "model": "service_development.voicefragment",
  "pk": 157,
  "fields": {
    "parent": 74,
    "language": 3,
    "audio": "check8_chickenscabbysores_fr.wav"
  }
},
{
  "model": "service_development.voicefragment",
  "pk": 158,
  "fields": {
    "parent": 75,
    "language": 2,
    "audio": "check6_chickentongueblisters_en.wav"
  }
},
{
  "model": "service_development.voicefragment",
  "pk": 159,
  "fields": {
    "parent": 75,
    "language": 3,
    "audio": "check6_chickentongueblisters_fr.wav"
  }
},
{
  "model": "service_development.voicefragment",
  "pk": 160,
  "fields": {
    "parent": 63,
    "language": 3,
    "audio": "Mostlikely_fr.wav"
  }
},
{
  "model": "service_development.voicefragment",
  "pk": 161,
  "fields": {
    "parent": 61,
    "language": 3,
    "audio": "NoDisease_fr.wav"
  }
},
{
  "model": "service_development.voicefragment",
  "pk": 162,
  "fields": {
    "parent": 76,
    "language": 2,
    "audio": "check2_goatsores_en.wav"
  }
},
{
  "model": "service_development.voicefragment",
  "pk": 163,
  "fields": {
    "parent": 76,
    "language": 3,
    "audio": "check2_goatsores_fr.wav"
  }
},
{
  "model": "service_development.voicefragment",
  "pk": 164,
  "fields": {
    "parent": 77,
    "language": 2,
    "audio": "check3_goatdiarrhea_en.wav"
  }
},
{
  "model": "service_development.voicefragment",
  "pk": 165,
  "fields": {
    "parent": 77,
    "language": 3,
    "audio": "check3_goatdiarrhea_fr.wav"
  }
},
{
  "model": "service_development.voicefragment",
  "pk": 166,
  "fields": {
    "parent": 78,
    "language": 2,
    "audio": "check1_goatfever_en.wav"
  }
},
{
  "model": "service_development.voicefragment",
  "pk": 167,
  "fields": {
    "parent": 78,
    "language": 3,
    "audio": "check1_goatfever_fr.wav"
  }
},
{
  "model": "service_development.voicefragment",
  "pk": 168,
  "fields": {
    "parent": 79,
    "language": 2,
    "audio": "check4_goatrash_en.wav"
  }
},
{
  "model": "service_development.voicefragment",
  "pk": 169,
  "fields": {
    "parent": 79,
    "language": 3,
    "audio": "check4_goatrash_fr.wav"
  }
},
{
  "model": "service_development.voicefragment",
  "pk": 170,
  "fields": {
    "parent": 80,
    "language": 2,
    "audio": "check5_goatredrash_en.wav"
  }
},
{
  "model": "service_development.voicefragment",
  "pk": 171,
  "fields": {
    "parent": 80,
    "language": 3,
    "audio": "check5_goatredrash_fr.wav"
  }
},
{
  "model": "service_development.voicefragment",
  "pk": 172,
  "fields": {
    "parent": 81,
    "language": 2,
    "audio": "check7_goatskin_en.wav"
  }
},
{
  "model": "service_development.voicefragment",
  "pk": 173,
  "fields": {
    "parent": 81,
    "language": 3,
    "audio": "check6_goatdryskin_fr.wav"
  }
},
{
  "model": "service_development.voicefragment",
  "pk": 174,
  "fields": {
    "parent": 82,
    "language": 2,
    "audio": "check7_goatskin_en_fTEoMb5.wav"
  }
},
{
  "model": "service_development.voicefragment",
  "pk": 175,
  "fields": {
    "parent": 82,
    "language": 3,
    "audio": "check7_goatskin_fr.wav"
  }
},
{
  "model": "service_development.voicefragment",
  "pk": 176,
  "fields": {
    "parent": 83,
    "language": 2,
    "audio": "check8_goatinfections_en_Jzu7i8p.wav"
  }
},
{
  "model": "service_development.voicefragment",
  "pk": 177,
  "fields": {
    "parent": 83,
    "language": 3,
    "audio": "check8_goatinfenctions_fr_U3dirtw.wav"
  }
},
{
  "model": "service_development.voicefragment",
  "pk": 178,
  "fields": {
    "parent": 84,
    "language": 2,
    "audio": "check9_goatlosses_en.wav"
  }
},
{
  "model": "service_development.voicefragment",
  "pk": 179,
  "fields": {
    "parent": 84,
    "language": 3,
    "audio": "check9_goatlosses_fr.wav"
  }
},
{
  "model": "service_development.voicefragment",
  "pk": 180,
  "fields": {
    "parent": 85,
    "language": 2,
    "audio": "goat3_helminthosis_en.wav"
  }
},
{
  "model": "service_development.voicefragment",
  "pk": 181,
  "fields": {
    "parent": 85,
    "language": 3,
    "audio": "goat3_helminthosis_fr.wav"
  }
},
{
  "model": "service_development.voicefragment",
  "pk": 182,
  "fields": {
    "parent": 86,
    "language": 2,
    "audio": "goat1_PPR_en.wav"
  }
},
{
  "model": "service_development.voicefragment",
  "pk": 183,
  "fields": {
    "parent": 86,
    "language": 3,
    "audio": "goat1_PPR_fr.wav"
  }
},
{
  "model": "service_development.voicefragment",
  "pk": 184,
  "fields": {
    "parent": 87,
    "language": 2,
    "audio": "goat2_CE_en.wav"
  }
},
{
  "model": "service_development.voicefragment",
  "pk": 185,
  "fields": {
    "parent": 87,
    "language": 3,
    "audio": "goat2_CE_fr.wav"
  }
},
{
  "model": "service_development.voiceservicesubelement",
  "pk": 5,
  "fields": {
    "service": 1,
    "creation_date": "2017-04-23T19:49:50.055Z",
    "modification_date": "2018-02-16T16:42:51.484Z",
    "name": "This is the truth",
    "description": "",
    "voice_label": 3
  }
},
{
  "model": "service_development.voiceservicesubelement",
  "pk": 6,
  "fields": {
    "service": 1,
    "creation_date": "2017-04-23T21:11:06.805Z",
    "modification_date": "2017-04-23T21:33:29.853Z",
    "name": "Thank you for using this service",
    "description": "",
    "voice_label": 5
  }
},
{
  "model": "service_development.voiceservicesubelement",
  "pk": 7,
  "fields": {
    "service": 1,
    "creation_date": "2017-04-23T21:36:55.756Z",
    "modification_date": "2017-04-23T21:36:55.756Z",
    "name": "King is boring",
    "description": "",
    "voice_label": 6
  }
},
{
  "model": "service_development.voiceservicesubelement",
  "pk": 18,
  "fields": {
    "service": 1,
    "creation_date": "2018-05-01T17:38:42.632Z",
    "modification_date": "2018-05-19T16:19:51.675Z",
    "name": "What type of animal?",
    "description": "",
    "voice_label": 31
  }
},
{
  "model": "service_development.voiceservicesubelement",
  "pk": 19,
  "fields": {
    "service": 1,
    "creation_date": "2018-05-01T17:38:42.637Z",
    "modification_date": "2018-05-17T12:20:41.622Z",
    "name": "Cow",
    "description": "",
    "voice_label": 59
  }
},
{
  "model": "service_development.voiceservicesubelement",
  "pk": 20,
  "fields": {
    "service": 1,
    "creation_date": "2018-05-01T17:38:42.639Z",
    "modification_date": "2018-05-17T12:20:41.624Z",
    "name": "Chicken",
    "description": "",
    "voice_label": 60
  }
},
{
  "model": "service_development.voiceservicesubelement",
  "pk": 27,
  "fields": {
    "service": 1,
    "creation_date": "2018-05-01T17:55:14.669Z",
    "modification_date": "2018-05-19T16:20:31.018Z",
    "name": "Cow check 1",
    "description": "Does the cow have an irregular fever?",
    "voice_label": 53
  }
},
{
  "model": "service_development.voiceservicesubelement",
  "pk": 28,
  "fields": {
    "service": 1,
    "creation_date": "2018-05-01T17:55:14.674Z",
    "modification_date": "2018-05-19T16:14:50.988Z",
    "name": "Has irregular fever",
    "description": "",
    "voice_label": 21
  }
},
{
  "model": "service_development.voiceservicesubelement",
  "pk": 29,
  "fields": {
    "service": 1,
    "creation_date": "2018-05-01T17:55:14.676Z",
    "modification_date": "2018-05-19T16:14:50.989Z",
    "name": "No irregular fever",
    "description": "",
    "voice_label": 22
  }
},
{
  "model": "service_development.voiceservicesubelement",
  "pk": 30,
  "fields": {
    "service": 1,
    "creation_date": "2018-05-01T17:58:00.943Z",
    "modification_date": "2018-05-19T16:19:10.221Z",
    "name": "Cow check 2",
    "description": "Does the cow have pale or yellow colored gums?",
    "voice_label": 35
  }
},
{
  "model": "service_development.voiceservicesubelement",
  "pk": 31,
  "fields": {
    "service": 1,
    "creation_date": "2018-05-01T17:58:00.950Z",
    "modification_date": "2018-05-19T16:19:10.224Z",
    "name": "pale or yellow colored gums",
    "description": "",
    "voice_label": 21
  }
},
{
  "model": "service_development.voiceservicesubelement",
  "pk": 32,
  "fields": {
    "service": 1,
    "creation_date": "2018-05-01T17:58:00.951Z",
    "modification_date": "2018-05-19T16:19:10.226Z",
    "name": "no pale or yellow colored gums",
    "description": "",
    "voice_label": 22
  }
},
{
  "model": "service_development.voiceservicesubelement",
  "pk": 33,
  "fields": {
    "service": 1,
    "creation_date": "2018-05-01T18:02:38.997Z",
    "modification_date": "2018-05-19T16:26:13.322Z",
    "name": "Cow check 3",
    "description": "Is it experiencing weight loss?",
    "voice_label": 36
  }
},
{
  "model": "service_development.voiceservicesubelement",
  "pk": 34,
  "fields": {
    "service": 1,
    "creation_date": "2018-05-01T18:02:39.001Z",
    "modification_date": "2018-05-19T16:25:59.655Z",
    "name": "Has weight loss",
    "description": "",
    "voice_label": 21
  }
},
{
  "model": "service_development.voiceservicesubelement",
  "pk": 35,
  "fields": {
    "service": 1,
    "creation_date": "2018-05-01T18:02:39.002Z",
    "modification_date": "2018-05-19T16:25:59.657Z",
    "name": "Has no weight loss",
    "description": "",
    "voice_label": 22
  }
},
{
  "model": "service_development.voiceservicesubelement",
  "pk": 36,
  "fields": {
    "service": 1,
    "creation_date": "2018-05-01T18:16:32.642Z",
    "modification_date": "2018-05-19T16:39:11.809Z",
    "name": "Cow check 4",
    "description": "Does the cow have ulcers on its skin?",
    "voice_label": 37
  }
},
{
  "model": "service_development.voiceservicesubelement",
  "pk": 37,
  "fields": {
    "service": 1,
    "creation_date": "2018-05-01T18:16:32.647Z",
    "modification_date": "2018-05-19T16:39:11.813Z",
    "name": "Ulcers on skin",
    "description": "",
    "voice_label": 21
  }
},
{
  "model": "service_development.voiceservicesubelement",
  "pk": 38,
  "fields": {
    "service": 1,
    "creation_date": "2018-05-01T18:16:32.649Z",
    "modification_date": "2018-05-19T16:39:11.814Z",
    "name": "No ulcers on skin",
    "description": "",
    "voice_label": 22
  }
},
{
  "model": "service_development.voiceservicesubelement",
  "pk": 39,
  "fields": {
    "service": 1,
    "creation_date": "2018-05-01T18:20:39.901Z",
    "modification_date": "2018-05-21T11:27:27.932Z",
    "name": "Cow check 5",
    "description": "Does it have swollen legs?",
    "voice_label": 38
  }
},
{
  "model": "service_development.voiceservicesubelement",
  "pk": 40,
  "fields": {
    "service": 1,
    "creation_date": "2018-05-01T18:20:39.906Z",
    "modification_date": "2018-05-19T16:43:11.943Z",
    "name": "Has swollen legs",
    "description": "",
    "voice_label": 21
  }
},
{
  "model": "service_development.voiceservicesubelement",
  "pk": 41,
  "fields": {
    "service": 1,
    "creation_date": "2018-05-01T18:20:39.908Z",
    "modification_date": "2018-05-21T11:27:27.936Z",
    "name": "Has no swollen legs",
    "description": "",
    "voice_label": 22
  }
},
{
  "model": "service_development.voiceservicesubelement",
  "pk": 42,
  "fields": {
    "service": 1,
    "creation_date": "2018-05-01T18:22:53.687Z",
    "modification_date": "2018-05-21T11:28:04.058Z",
    "name": "Cow check 6",
    "description": "Does it have a fever?",
    "voice_label": 39
  }
},
{
  "model": "service_development.voiceservicesubelement",
  "pk": 43,
  "fields": {
    "service": 1,
    "creation_date": "2018-05-01T18:22:53.693Z",
    "modification_date": "2018-05-19T17:01:59.508Z",
    "name": "Fever?",
    "description": "",
    "voice_label": 21
  }
},
{
  "model": "service_development.voiceservicesubelement",
  "pk": 44,
  "fields": {
    "service": 1,
    "creation_date": "2018-05-01T18:22:53.695Z",
    "modification_date": "2018-05-21T11:28:04.063Z",
    "name": "No fever?",
    "description": "",
    "voice_label": 22
  }
},
{
  "model": "service_development.voiceservicesubelement",
  "pk": 45,
  "fields": {
    "service": 1,
    "creation_date": "2018-05-01T18:25:25.658Z",
    "modification_date": "2018-05-19T17:15:00.416Z",
    "name": "Cow check 7",
    "description": "Does it have excessive salivation?",
    "voice_label": 40
  }
},
{
  "model": "service_development.voiceservicesubelement",
  "pk": 46,
  "fields": {
    "service": 1,
    "creation_date": "2018-05-01T18:25:25.663Z",
    "modification_date": "2018-05-19T17:15:00.420Z",
    "name": "Excessive salivation",
    "description": "",
    "voice_label": 21
  }
},
{
  "model": "service_development.voiceservicesubelement",
  "pk": 47,
  "fields": {
    "service": 1,
    "creation_date": "2018-05-01T18:25:25.664Z",
    "modification_date": "2018-05-19T17:15:00.422Z",
    "name": "No Excessive salivation",
    "description": "",
    "voice_label": 22
  }
},
{
  "model": "service_development.voiceservicesubelement",
  "pk": 48,
  "fields": {
    "service": 1,
    "creation_date": "2018-05-01T18:38:24.609Z",
    "modification_date": "2018-05-21T11:30:41.150Z",
    "name": "Cow check 8",
    "description": "Does it have constipation?",
    "voice_label": 41
  }
},
{
  "model": "service_development.voiceservicesubelement",
  "pk": 49,
  "fields": {
    "service": 1,
    "creation_date": "2018-05-01T18:38:24.615Z",
    "modification_date": "2018-05-21T11:30:41.154Z",
    "name": "Constipation",
    "description": "",
    "voice_label": 21
  }
},
{
  "model": "service_development.voiceservicesubelement",
  "pk": 50,
  "fields": {
    "service": 1,
    "creation_date": "2018-05-01T18:38:24.616Z",
    "modification_date": "2018-05-21T11:30:41.156Z",
    "name": "No constipation",
    "description": "",
    "voice_label": 22
  }
},
{
  "model": "service_development.voiceservicesubelement",
  "pk": 51,
  "fields": {
    "service": 1,
    "creation_date": "2018-05-01T18:43:52.096Z",
    "modification_date": "2018-05-19T18:29:56.821Z",
    "name": "Disease: Trypanosomosis",
    "description": "The cow has Trypanosomosis",
    "voice_label": 42
  }
},
{
  "model": "service_development.voiceservicesubelement",
  "pk": 52,
  "fields": {
    "service": 1,
    "creation_date": "2018-05-01T18:44:57.030Z",
    "modification_date": "2018-05-19T18:29:42.743Z",
    "name": "Disease: Lumpy skin",
    "description": "The cow has Lumpy skin disease",
    "voice_label": 43
  }
},
{
  "model": "service_development.voiceservicesubelement",
  "pk": 53,
  "fields": {
    "service": 1,
    "creation_date": "2018-05-01T18:48:00.537Z",
    "modification_date": "2018-05-19T18:23:54.151Z",
    "name": "Disease: Infectious Bronchitis",
    "description": "The chicken has infectious bronchitis",
    "voice_label": 44
  }
},
{
  "model": "service_development.voiceservicesubelement",
  "pk": 54,
  "fields": {
    "service": 1,
    "creation_date": "2018-05-01T18:48:51.273Z",
    "modification_date": "2018-05-19T18:26:12.509Z",
    "name": "Disease: Fowl Pox",
    "description": "The chicken has fowl pox",
    "voice_label": 45
  }
},
{
  "model": "service_development.voiceservicesubelement",
  "pk": 55,
  "fields": {
    "service": 1,
    "creation_date": "2018-05-01T19:35:25.197Z",
    "modification_date": "2018-05-21T11:33:03.335Z",
    "name": "Chicken check 1",
    "description": "Does it have discharge from the nostrils and eyes?",
    "voice_label": 46
  }
},
{
  "model": "service_development.voiceservicesubelement",
  "pk": 56,
  "fields": {
    "service": 1,
    "creation_date": "2018-05-01T19:35:25.201Z",
    "modification_date": "2018-05-19T18:17:05.998Z",
    "name": "Discharge from nose and eyes",
    "description": "",
    "voice_label": 21
  }
},
{
  "model": "service_development.voiceservicesubelement",
  "pk": 57,
  "fields": {
    "service": 1,
    "creation_date": "2018-05-01T19:35:25.204Z",
    "modification_date": "2018-05-19T18:17:06.000Z",
    "name": "No discharge from nose and eyes",
    "description": "",
    "voice_label": 22
  }
},
{
  "model": "service_development.voiceservicesubelement",
  "pk": 58,
  "fields": {
    "service": 1,
    "creation_date": "2018-05-01T19:36:45.118Z",
    "modification_date": "2018-05-21T11:33:25.623Z",
    "name": "Chicken check 2",
    "description": "Is there a decrease in egg laying? Or are the eggs soft-shelled and watery inside?",
    "voice_label": 47
  }
},
{
  "model": "service_development.voiceservicesubelement",
  "pk": 59,
  "fields": {
    "service": 1,
    "creation_date": "2018-05-01T19:36:45.123Z",
    "modification_date": "2018-05-19T18:18:40.541Z",
    "name": "Decrease in egg laying / soft shelled",
    "description": "",
    "voice_label": 21
  }
},
{
  "model": "service_development.voiceservicesubelement",
  "pk": 60,
  "fields": {
    "service": 1,
    "creation_date": "2018-05-01T19:36:45.125Z",
    "modification_date": "2018-05-19T18:18:40.542Z",
    "name": "No decrease in egg laying / soft shelled",
    "description": "",
    "voice_label": 22
  }
},
{
  "model": "service_development.voiceservicesubelement",
  "pk": 61,
  "fields": {
    "service": 1,
    "creation_date": "2018-05-01T19:38:00.742Z",
    "modification_date": "2018-05-21T11:33:45.116Z",
    "name": "Chicken check 3",
    "description": "Does it gasp, cough and make raspy breath sounds?",
    "voice_label": 48
  }
},
{
  "model": "service_development.voiceservicesubelement",
  "pk": 62,
  "fields": {
    "service": 1,
    "creation_date": "2018-05-01T19:38:00.747Z",
    "modification_date": "2018-05-01T19:39:41.174Z",
    "name": "Coughing",
    "description": "",
    "voice_label": 21
  }
},
{
  "model": "service_development.voiceservicesubelement",
  "pk": 63,
  "fields": {
    "service": 1,
    "creation_date": "2018-05-01T19:38:00.750Z",
    "modification_date": "2018-05-21T11:33:45.121Z",
    "name": "No coughing",
    "description": "",
    "voice_label": 22
  }
},
{
  "model": "service_development.voiceservicesubelement",
  "pk": 64,
  "fields": {
    "service": 1,
    "creation_date": "2018-05-01T19:39:21.975Z",
    "modification_date": "2018-05-19T18:31:13.373Z",
    "name": "Chicken check 4",
    "description": "Is there a decrease in eating and drinking?",
    "voice_label": 49
  }
},
{
  "model": "service_development.voiceservicesubelement",
  "pk": 65,
  "fields": {
    "service": 1,
    "creation_date": "2018-05-01T19:39:21.984Z",
    "modification_date": "2018-05-19T18:23:16.905Z",
    "name": "Decrease in eating & drinking",
    "description": "",
    "voice_label": 21
  }
},
{
  "model": "service_development.voiceservicesubelement",
  "pk": 66,
  "fields": {
    "service": 1,
    "creation_date": "2018-05-01T19:39:21.987Z",
    "modification_date": "2018-05-19T18:23:16.906Z",
    "name": "No decrease in eating & drinking",
    "description": "",
    "voice_label": 22
  }
},
{
  "model": "service_development.voiceservicesubelement",
  "pk": 67,
  "fields": {
    "service": 1,
    "creation_date": "2018-05-01T19:41:15.455Z",
    "modification_date": "2018-05-21T11:36:12.605Z",
    "name": "Chicken check 5",
    "description": "Is there a lost in appetite?",
    "voice_label": 50
  }
},
{
  "model": "service_development.voiceservicesubelement",
  "pk": 68,
  "fields": {
    "service": 1,
    "creation_date": "2018-05-01T19:41:15.460Z",
    "modification_date": "2018-05-19T18:34:07.823Z",
    "name": "Loss of appetite",
    "description": "",
    "voice_label": 21
  }
},
{
  "model": "service_development.voiceservicesubelement",
  "pk": 69,
  "fields": {
    "service": 1,
    "creation_date": "2018-05-01T19:41:15.462Z",
    "modification_date": "2018-05-21T11:36:12.609Z",
    "name": "No loss of appetite",
    "description": "",
    "voice_label": 22
  }
},
{
  "model": "service_development.voiceservicesubelement",
  "pk": 70,
  "fields": {
    "service": 1,
    "creation_date": "2018-05-01T19:42:11.841Z",
    "modification_date": "2018-05-21T11:37:49.073Z",
    "name": "Chicken check 6",
    "description": "Is there a decrease in egg production?",
    "voice_label": 51
  }
},
{
  "model": "service_development.voiceservicesubelement",
  "pk": 71,
  "fields": {
    "service": 1,
    "creation_date": "2018-05-01T19:42:11.846Z",
    "modification_date": "2018-05-19T18:47:38.136Z",
    "name": "Decrease in egg production",
    "description": "",
    "voice_label": 21
  }
},
{
  "model": "service_development.voiceservicesubelement",
  "pk": 72,
  "fields": {
    "service": 1,
    "creation_date": "2018-05-01T19:42:11.848Z",
    "modification_date": "2018-05-21T11:37:49.076Z",
    "name": "No decrease in egg production",
    "description": "",
    "voice_label": 22
  }
},
{
  "model": "service_development.voiceservicesubelement",
  "pk": 73,
  "fields": {
    "service": 1,
    "creation_date": "2018-05-01T19:43:19.845Z",
    "modification_date": "2018-05-21T11:39:15.313Z",
    "name": "Chicken check 7",
    "description": "Is it gasping, coughing and sneezing?",
    "voice_label": 52
  }
},
{
  "model": "service_development.voiceservicesubelement",
  "pk": 74,
  "fields": {
    "service": 1,
    "creation_date": "2018-05-01T19:43:19.850Z",
    "modification_date": "2018-05-19T18:50:12.918Z",
    "name": "Gasping?",
    "description": "",
    "voice_label": 21
  }
},
{
  "model": "service_development.voiceservicesubelement",
  "pk": 75,
  "fields": {
    "service": 1,
    "creation_date": "2018-05-01T19:43:19.853Z",
    "modification_date": "2018-05-19T18:50:12.919Z",
    "name": "No gasping?",
    "description": "",
    "voice_label": 22
  }
},
{
  "model": "service_development.voiceservicesubelement",
  "pk": 76,
  "fields": {
    "service": 1,
    "creation_date": "2018-05-02T07:29:56.083Z",
    "modification_date": "2018-05-02T08:59:49.220Z",
    "name": "Welcome message",
    "description": "",
    "voice_label": 58
  }
},
{
  "model": "service_development.voiceservicesubelement",
  "pk": 78,
  "fields": {
    "service": 1,
    "creation_date": "2018-05-02T11:45:59.466Z",
    "modification_date": "2018-05-21T11:12:26.556Z",
    "name": "No known disease",
    "description": "",
    "voice_label": 61
  }
},
{
  "model": "service_development.voiceservicesubelement",
  "pk": 79,
  "fields": {
    "service": 1,
    "creation_date": "2018-05-02T12:28:47.625Z",
    "modification_date": "2018-05-19T19:12:48.449Z",
    "name": "Most Likely",
    "description": "",
    "voice_label": 63
  }
},
{
  "model": "service_development.voiceservicesubelement",
  "pk": 80,
  "fields": {
    "service": 1,
    "creation_date": "2018-05-17T12:17:23.337Z",
    "modification_date": "2018-05-17T12:17:43.073Z",
    "name": "Start Checklist Chicken",
    "description": "announce start of chicken checklist",
    "voice_label": 64
  }
},
{
  "model": "service_development.voiceservicesubelement",
  "pk": 81,
  "fields": {
    "service": 1,
    "creation_date": "2018-05-17T12:18:59.557Z",
    "modification_date": "2018-05-17T12:18:59.557Z",
    "name": "Start checklist cow",
    "description": "announce start of cow checklist",
    "voice_label": 65
  }
},
{
  "model": "service_development.voiceservicesubelement",
  "pk": 82,
  "fields": {
    "service": 1,
    "creation_date": "2018-05-17T12:20:41.626Z",
    "modification_date": "2018-05-17T12:29:45.949Z",
    "name": "Goat",
    "description": "",
    "voice_label": 66
  }
},
{
  "model": "service_development.voiceservicesubelement",
  "pk": 83,
  "fields": {
    "service": 1,
    "creation_date": "2018-05-17T12:28:53.944Z",
    "modification_date": "2018-05-19T18:26:42.068Z",
    "name": "Start checklist goat",
    "description": "",
    "voice_label": 67
  }
},
{
  "model": "service_development.voiceservicesubelement",
  "pk": 84,
  "fields": {
    "service": 1,
    "creation_date": "2018-05-17T12:29:24.661Z",
    "modification_date": "2018-05-21T11:46:18.841Z",
    "name": "Goat check 1",
    "description": "Does the goat have sores in the mouth?",
    "voice_label": 76
  }
},
{
  "model": "service_development.voiceservicesubelement",
  "pk": 85,
  "fields": {
    "service": 1,
    "creation_date": "2018-05-19T17:26:38.773Z",
    "modification_date": "2018-05-21T11:31:59.959Z",
    "name": "Cow check 9",
    "description": "Does the cow have a lost of appetite?",
    "voice_label": 68
  }
},
{
  "model": "service_development.voiceservicesubelement",
  "pk": 86,
  "fields": {
    "service": 1,
    "creation_date": "2018-05-19T17:26:38.777Z",
    "modification_date": "2018-05-19T17:34:55.454Z",
    "name": "Loss of appetite",
    "description": "",
    "voice_label": 21
  }
},
{
  "model": "service_development.voiceservicesubelement",
  "pk": 87,
  "fields": {
    "service": 1,
    "creation_date": "2018-05-19T17:26:38.779Z",
    "modification_date": "2018-05-19T17:34:55.456Z",
    "name": "No loss of appetite",
    "description": "",
    "voice_label": 22
  }
},
{
  "model": "service_development.voiceservicesubelement",
  "pk": 88,
  "fields": {
    "service": 1,
    "creation_date": "2018-05-19T17:34:32.374Z",
    "modification_date": "2018-05-21T11:32:07.983Z",
    "name": "Cow check 10",
    "description": "Does the cow have pale or yellow colored gums?",
    "voice_label": 71
  }
},
{
  "model": "service_development.voiceservicesubelement",
  "pk": 89,
  "fields": {
    "service": 1,
    "creation_date": "2018-05-19T17:34:32.379Z",
    "modification_date": "2018-05-19T17:42:50.791Z",
    "name": "Yellow colored gums",
    "description": "",
    "voice_label": 21
  }
},
{
  "model": "service_development.voiceservicesubelement",
  "pk": 90,
  "fields": {
    "service": 1,
    "creation_date": "2018-05-19T17:34:32.381Z",
    "modification_date": "2018-05-21T11:30:59.867Z",
    "name": "No yellow colored gums",
    "description": "",
    "voice_label": 22
  }
},
{
  "model": "service_development.voiceservicesubelement",
  "pk": 91,
  "fields": {
    "service": 1,
    "creation_date": "2018-05-19T17:38:21.510Z",
    "modification_date": "2018-05-21T11:31:45.200Z",
    "name": "Cow check 11",
    "description": "Does it have a fever?",
    "voice_label": 69
  }
},
{
  "model": "service_development.voiceservicesubelement",
  "pk": 92,
  "fields": {
    "service": 1,
    "creation_date": "2018-05-19T17:38:21.514Z",
    "modification_date": "2018-05-19T17:43:08.839Z",
    "name": "Fever?",
    "description": "",
    "voice_label": 21
  }
},
{
  "model": "service_development.voiceservicesubelement",
  "pk": 93,
  "fields": {
    "service": 1,
    "creation_date": "2018-05-19T17:38:21.516Z",
    "modification_date": "2018-05-19T17:38:21.516Z",
    "name": "No fever",
    "description": "",
    "voice_label": 22
  }
},
{
  "model": "service_development.voiceservicesubelement",
  "pk": 94,
  "fields": {
    "service": 1,
    "creation_date": "2018-05-19T17:40:45.659Z",
    "modification_date": "2018-05-19T18:30:28.178Z",
    "name": "Disease: Gall-Sickness",
    "description": "The cow has gall-sickness",
    "voice_label": 70
  }
},
{
  "model": "service_development.voiceservicesubelement",
  "pk": 95,
  "fields": {
    "service": 1,
    "creation_date": "2018-05-19T18:25:42.715Z",
    "modification_date": "2018-05-19T18:30:14.937Z",
    "name": "Disease: Newcastle Disease",
    "description": "The chicken has newcastle disease",
    "voice_label": 72
  }
},
{
  "model": "service_development.voiceservicesubelement",
  "pk": 96,
  "fields": {
    "service": 1,
    "creation_date": "2018-05-19T18:53:22.488Z",
    "modification_date": "2018-05-21T11:40:19.001Z",
    "name": "Chicken check 8",
    "description": "Does it have white spots on its skin?",
    "voice_label": 73
  }
},
{
  "model": "service_development.voiceservicesubelement",
  "pk": 97,
  "fields": {
    "service": 1,
    "creation_date": "2018-05-19T18:53:22.493Z",
    "modification_date": "2018-05-19T19:00:41.983Z",
    "name": "White spots",
    "description": "",
    "voice_label": 21
  }
},
{
  "model": "service_development.voiceservicesubelement",
  "pk": 98,
  "fields": {
    "service": 1,
    "creation_date": "2018-05-19T18:53:22.494Z",
    "modification_date": "2018-05-19T19:00:41.985Z",
    "name": "No white spots",
    "description": "",
    "voice_label": 22
  }
},
{
  "model": "service_development.voiceservicesubelement",
  "pk": 99,
  "fields": {
    "service": 1,
    "creation_date": "2018-05-19T18:56:29.751Z",
    "modification_date": "2018-05-21T11:40:36.685Z",
    "name": "Chicken check 9",
    "description": "Does it have scabby sores on its combs?",
    "voice_label": 74
  }
},
{
  "model": "service_development.voiceservicesubelement",
  "pk": 100,
  "fields": {
    "service": 1,
    "creation_date": "2018-05-19T18:56:29.755Z",
    "modification_date": "2018-05-19T19:01:28.446Z",
    "name": "Scabby sores",
    "description": "",
    "voice_label": 21
  }
},
{
  "model": "service_development.voiceservicesubelement",
  "pk": 101,
  "fields": {
    "service": 1,
    "creation_date": "2018-05-19T18:56:29.756Z",
    "modification_date": "2018-05-19T19:02:00.537Z",
    "name": "No scabby sores",
    "description": "",
    "voice_label": 22
  }
},
{
  "model": "service_development.voiceservicesubelement",
  "pk": 102,
  "fields": {
    "service": 1,
    "creation_date": "2018-05-19T19:00:13.348Z",
    "modification_date": "2018-05-21T11:43:55.758Z",
    "name": "Chicken check 10",
    "description": "Does it have tongue blisters?",
    "voice_label": 75
  }
},
{
  "model": "service_development.voiceservicesubelement",
  "pk": 103,
  "fields": {
    "service": 1,
    "creation_date": "2018-05-19T19:00:13.352Z",
    "modification_date": "2018-05-19T19:00:13.352Z",
    "name": "Tongue Blisters",
    "description": "",
    "voice_label": 21
  }
},
{
  "model": "service_development.voiceservicesubelement",
  "pk": 104,
  "fields": {
    "service": 1,
    "creation_date": "2018-05-19T19:00:13.354Z",
    "modification_date": "2018-05-19T19:00:13.354Z",
    "name": "No tongue blisters",
    "description": "",
    "voice_label": 22
  }
},
{
  "model": "service_development.voiceservicesubelement",
  "pk": 105,
  "fields": {
    "service": 1,
    "creation_date": "2018-05-20T15:40:38.570Z",
    "modification_date": "2018-05-20T16:11:47.114Z",
    "name": "Sores in the mouth",
    "description": "",
    "voice_label": 21
  }
},
{
  "model": "service_development.voiceservicesubelement",
  "pk": 106,
  "fields": {
    "service": 1,
    "creation_date": "2018-05-20T15:40:38.572Z",
    "modification_date": "2018-05-20T16:11:47.115Z",
    "name": "No sores in the mouth",
    "description": "",
    "voice_label": 22
  }
},
{
  "model": "service_development.voiceservicesubelement",
  "pk": 107,
  "fields": {
    "service": 1,
    "creation_date": "2018-05-20T15:42:37.379Z",
    "modification_date": "2018-05-21T11:46:38.946Z",
    "name": "Goat check 2",
    "description": "Does the goat have diarrhea?",
    "voice_label": 77
  }
},
{
  "model": "service_development.voiceservicesubelement",
  "pk": 108,
  "fields": {
    "service": 1,
    "creation_date": "2018-05-20T15:42:37.384Z",
    "modification_date": "2018-05-20T16:12:17.115Z",
    "name": "Diarrhea",
    "description": "",
    "voice_label": 21
  }
},
{
  "model": "service_development.voiceservicesubelement",
  "pk": 109,
  "fields": {
    "service": 1,
    "creation_date": "2018-05-20T15:42:37.386Z",
    "modification_date": "2018-05-20T16:12:17.116Z",
    "name": "No diarrhea",
    "description": "",
    "voice_label": 22
  }
},
{
  "model": "service_development.voiceservicesubelement",
  "pk": 110,
  "fields": {
    "service": 1,
    "creation_date": "2018-05-20T15:48:59.919Z",
    "modification_date": "2018-05-21T11:46:53.382Z",
    "name": "Goat check 3",
    "description": "Does the goat have fever?",
    "voice_label": 78
  }
},
{
  "model": "service_development.voiceservicesubelement",
  "pk": 111,
  "fields": {
    "service": 1,
    "creation_date": "2018-05-20T15:48:59.923Z",
    "modification_date": "2018-05-20T16:12:44.535Z",
    "name": "Fever",
    "description": "",
    "voice_label": 21
  }
},
{
  "model": "service_development.voiceservicesubelement",
  "pk": 112,
  "fields": {
    "service": 1,
    "creation_date": "2018-05-20T15:48:59.925Z",
    "modification_date": "2018-05-20T16:12:44.537Z",
    "name": "No fever",
    "description": "",
    "voice_label": 22
  }
},
{
  "model": "service_development.voiceservicesubelement",
  "pk": 113,
  "fields": {
    "service": 1,
    "creation_date": "2018-05-20T15:54:00.071Z",
    "modification_date": "2018-05-21T11:48:38.988Z",
    "name": "Goat check 4",
    "description": "Do you see a rash on the goat? Is it really visible?",
    "voice_label": 79
  }
},
{
  "model": "service_development.voiceservicesubelement",
  "pk": 114,
  "fields": {
    "service": 1,
    "creation_date": "2018-05-20T15:54:00.076Z",
    "modification_date": "2018-05-20T16:13:33.264Z",
    "name": "Rash",
    "description": "",
    "voice_label": 21
  }
},
{
  "model": "service_development.voiceservicesubelement",
  "pk": 115,
  "fields": {
    "service": 1,
    "creation_date": "2018-05-20T15:54:00.078Z",
    "modification_date": "2018-05-20T16:13:33.265Z",
    "name": "No rash",
    "description": "",
    "voice_label": 22
  }
},
{
  "model": "service_development.voiceservicesubelement",
  "pk": 116,
  "fields": {
    "service": 1,
    "creation_date": "2018-05-20T15:55:23.158Z",
    "modification_date": "2018-05-21T11:48:59.687Z",
    "name": "Goat check 5",
    "description": "Is the color of the rash red?",
    "voice_label": 80
  }
},
{
  "model": "service_development.voiceservicesubelement",
  "pk": 117,
  "fields": {
    "service": 1,
    "creation_date": "2018-05-20T15:55:23.162Z",
    "modification_date": "2018-05-20T16:15:15.846Z",
    "name": "Red rash",
    "description": "",
    "voice_label": 21
  }
},
{
  "model": "service_development.voiceservicesubelement",
  "pk": 118,
  "fields": {
    "service": 1,
    "creation_date": "2018-05-20T15:55:23.163Z",
    "modification_date": "2018-05-21T11:48:59.692Z",
    "name": "No red rash",
    "description": "",
    "voice_label": 22
  }
},
{
  "model": "service_development.voiceservicesubelement",
  "pk": 119,
  "fields": {
    "service": 1,
    "creation_date": "2018-05-20T15:57:24.686Z",
    "modification_date": "2018-05-21T11:49:11.124Z",
    "name": "Goat check 6",
    "description": "Is the skin dry?",
    "voice_label": 81
  }
},
{
  "model": "service_development.voiceservicesubelement",
  "pk": 120,
  "fields": {
    "service": 1,
    "creation_date": "2018-05-20T15:57:24.690Z",
    "modification_date": "2018-05-20T16:16:44.042Z",
    "name": "Dry skin",
    "description": "",
    "voice_label": 21
  }
},
{
  "model": "service_development.voiceservicesubelement",
  "pk": 121,
  "fields": {
    "service": 1,
    "creation_date": "2018-05-20T15:57:24.692Z",
    "modification_date": "2018-05-20T16:16:44.045Z",
    "name": "No dry skin",
    "description": "",
    "voice_label": 22
  }
},
{
  "model": "service_development.voiceservicesubelement",
  "pk": 122,
  "fields": {
    "service": 1,
    "creation_date": "2018-05-20T16:04:24.689Z",
    "modification_date": "2018-05-21T11:49:32.398Z",
    "name": "Goat check 7",
    "description": "Does the goat have decreased quality of skins, wool or mohair?",
    "voice_label": 82
  }
},
{
  "model": "service_development.voiceservicesubelement",
  "pk": 123,
  "fields": {
    "service": 1,
    "creation_date": "2018-05-20T16:04:24.695Z",
    "modification_date": "2018-05-20T16:16:12.808Z",
    "name": "Decreased quality",
    "description": "",
    "voice_label": 21
  }
},
{
  "model": "service_development.voiceservicesubelement",
  "pk": 124,
  "fields": {
    "service": 1,
    "creation_date": "2018-05-20T16:04:24.696Z",
    "modification_date": "2018-05-20T16:16:12.810Z",
    "name": "No decreased quality",
    "description": "",
    "voice_label": 22
  }
},
{
  "model": "service_development.voiceservicesubelement",
  "pk": 125,
  "fields": {
    "service": 1,
    "creation_date": "2018-05-20T16:05:55.091Z",
    "modification_date": "2018-05-21T11:50:04.657Z",
    "name": "Goat check 8",
    "description": "Does the goat have infections?",
    "voice_label": 83
  }
},
{
  "model": "service_development.voiceservicesubelement",
  "pk": 126,
  "fields": {
    "service": 1,
    "creation_date": "2018-05-20T16:05:55.096Z",
    "modification_date": "2018-05-20T16:20:07.304Z",
    "name": "Infections?",
    "description": "",
    "voice_label": 21
  }
},
{
  "model": "service_development.voiceservicesubelement",
  "pk": 127,
  "fields": {
    "service": 1,
    "creation_date": "2018-05-20T16:05:55.098Z",
    "modification_date": "2018-05-20T16:20:07.306Z",
    "name": "No infections?",
    "description": "",
    "voice_label": 22
  }
},
{
  "model": "service_development.voiceservicesubelement",
  "pk": 128,
  "fields": {
    "service": 1,
    "creation_date": "2018-05-20T16:07:17.129Z",
    "modification_date": "2018-05-21T11:50:18.222Z",
    "name": "Goat check 9",
    "description": "Does have the goat have direct losses?",
    "voice_label": 84
  }
},
{
  "model": "service_development.voiceservicesubelement",
  "pk": 129,
  "fields": {
    "service": 1,
    "creation_date": "2018-05-20T16:07:17.133Z",
    "modification_date": "2018-05-20T16:21:01.859Z",
    "name": "Direct losses?",
    "description": "",
    "voice_label": 21
  }
},
{
  "model": "service_development.voiceservicesubelement",
  "pk": 130,
  "fields": {
    "service": 1,
    "creation_date": "2018-05-20T16:07:17.135Z",
    "modification_date": "2018-05-20T16:21:01.860Z",
    "name": "No direct losses?",
    "description": "",
    "voice_label": 22
  }
},
{
  "model": "service_development.voiceservicesubelement",
  "pk": 131,
  "fields": {
    "service": 1,
    "creation_date": "2018-05-20T16:08:40.071Z",
    "modification_date": "2018-05-20T16:08:40.071Z",
    "name": "Disease: Helminthosis",
    "description": "The goat has helminthosis",
    "voice_label": 85
  }
},
{
  "model": "service_development.voiceservicesubelement",
  "pk": 132,
  "fields": {
    "service": 1,
    "creation_date": "2018-05-20T16:09:53.807Z",
    "modification_date": "2018-05-20T16:09:53.807Z",
    "name": "Disease: PPR",
    "description": "The goathas PPR",
    "voice_label": 86
  }
},
{
  "model": "service_development.voiceservicesubelement",
  "pk": 133,
  "fields": {
    "service": 1,
    "creation_date": "2018-05-20T16:10:56.789Z",
    "modification_date": "2018-05-20T16:10:56.789Z",
    "name": "Disease: CE",
    "description": "The goat has CE",
    "voice_label": 87
  }
},
{
  "model": "service_development.voiceserviceelement",
  "pk": 5,
  "fields": {}
},
{
  "model": "service_development.voiceserviceelement",
  "pk": 6,
  "fields": {}
},
{
  "model": "service_development.voiceserviceelement",
  "pk": 7,
  "fields": {}
},
{
  "model": "service_development.voiceserviceelement",
  "pk": 18,
  "fields": {}
},
{
  "model": "service_development.voiceserviceelement",
  "pk": 27,
  "fields": {}
},
{
  "model": "service_development.voiceserviceelement",
  "pk": 30,
  "fields": {}
},
{
  "model": "service_development.voiceserviceelement",
  "pk": 33,
  "fields": {}
},
{
  "model": "service_development.voiceserviceelement",
  "pk": 36,
  "fields": {}
},
{
  "model": "service_development.voiceserviceelement",
  "pk": 39,
  "fields": {}
},
{
  "model": "service_development.voiceserviceelement",
  "pk": 42,
  "fields": {}
},
{
  "model": "service_development.voiceserviceelement",
  "pk": 45,
  "fields": {}
},
{
  "model": "service_development.voiceserviceelement",
  "pk": 48,
  "fields": {}
},
{
  "model": "service_development.voiceserviceelement",
  "pk": 51,
  "fields": {}
},
{
  "model": "service_development.voiceserviceelement",
  "pk": 52,
  "fields": {}
},
{
  "model": "service_development.voiceserviceelement",
  "pk": 53,
  "fields": {}
},
{
  "model": "service_development.voiceserviceelement",
  "pk": 54,
  "fields": {}
},
{
  "model": "service_development.voiceserviceelement",
  "pk": 55,
  "fields": {}
},
{
  "model": "service_development.voiceserviceelement",
  "pk": 58,
  "fields": {}
},
{
  "model": "service_development.voiceserviceelement",
  "pk": 61,
  "fields": {}
},
{
  "model": "service_development.voiceserviceelement",
  "pk": 64,
  "fields": {}
},
{
  "model": "service_development.voiceserviceelement",
  "pk": 67,
  "fields": {}
},
{
  "model": "service_development.voiceserviceelement",
  "pk": 70,
  "fields": {}
},
{
  "model": "service_development.voiceserviceelement",
  "pk": 73,
  "fields": {}
},
{
  "model": "service_development.voiceserviceelement",
  "pk": 76,
  "fields": {}
},
{
  "model": "service_development.voiceserviceelement",
  "pk": 78,
  "fields": {}
},
{
  "model": "service_development.voiceserviceelement",
  "pk": 79,
  "fields": {}
},
{
  "model": "service_development.voiceserviceelement",
  "pk": 80,
  "fields": {}
},
{
  "model": "service_development.voiceserviceelement",
  "pk": 81,
  "fields": {}
},
{
  "model": "service_development.voiceserviceelement",
  "pk": 83,
  "fields": {}
},
{
  "model": "service_development.voiceserviceelement",
  "pk": 84,
  "fields": {}
},
{
  "model": "service_development.voiceserviceelement",
  "pk": 85,
  "fields": {}
},
{
  "model": "service_development.voiceserviceelement",
  "pk": 88,
  "fields": {}
},
{
  "model": "service_development.voiceserviceelement",
  "pk": 91,
  "fields": {}
},
{
  "model": "service_development.voiceserviceelement",
  "pk": 94,
  "fields": {}
},
{
  "model": "service_development.voiceserviceelement",
  "pk": 95,
  "fields": {}
},
{
  "model": "service_development.voiceserviceelement",
  "pk": 96,
  "fields": {}
},
{
  "model": "service_development.voiceserviceelement",
  "pk": 99,
  "fields": {}
},
{
  "model": "service_development.voiceserviceelement",
  "pk": 102,
  "fields": {}
},
{
  "model": "service_development.voiceserviceelement",
  "pk": 107,
  "fields": {}
},
{
  "model": "service_development.voiceserviceelement",
  "pk": 110,
  "fields": {}
},
{
  "model": "service_development.voiceserviceelement",
  "pk": 113,
  "fields": {}
},
{
  "model": "service_development.voiceserviceelement",
  "pk": 116,
  "fields": {}
},
{
  "model": "service_development.voiceserviceelement",
  "pk": 119,
  "fields": {}
},
{
  "model": "service_development.voiceserviceelement",
  "pk": 122,
  "fields": {}
},
{
  "model": "service_development.voiceserviceelement",
  "pk": 125,
  "fields": {}
},
{
  "model": "service_development.voiceserviceelement",
  "pk": 128,
  "fields": {}
},
{
  "model": "service_development.voiceserviceelement",
  "pk": 131,
  "fields": {}
},
{
  "model": "service_development.voiceserviceelement",
  "pk": 132,
  "fields": {}
},
{
  "model": "service_development.voiceserviceelement",
  "pk": 133,
  "fields": {}
},
{
  "model": "service_development.voiceservice",
  "pk": 1,
  "fields": {
    "name": "Animal Diagnosis",
    "description": "An animal diagnosis that checks whether your cattle has a disease",
    "creation_date": "2017-04-23T19:23:52.392Z",
    "modification_date": "2018-05-19T20:19:39.375Z",
    "active": true,
    "_start_element": 76,
    "registration": "disabled",
    "registration_language": false,
    "registration_name": false,
    "supported_languages": [
      2,
      3
    ]
  }
},
{
  "model": "service_development.kasadakauser",
  "pk": 1,
  "fields": {
    "caller_id": "456",
    "first_name": "Henk",
    "last_name": "Ernia",
    "creation_date": "2018-02-02T11:10:27.670Z",
    "modification_date": "2018-02-12T14:44:24.019Z",
    "language": 1,
    "service": 1
  }
},
{
  "model": "service_development.choice",
  "pk": 18,
  "fields": {}
},
{
  "model": "service_development.choice",
  "pk": 27,
  "fields": {}
},
{
  "model": "service_development.choice",
  "pk": 30,
  "fields": {}
},
{
  "model": "service_development.choice",
  "pk": 33,
  "fields": {}
},
{
  "model": "service_development.choice",
  "pk": 36,
  "fields": {}
},
{
  "model": "service_development.choice",
  "pk": 39,
  "fields": {}
},
{
  "model": "service_development.choice",
  "pk": 42,
  "fields": {}
},
{
  "model": "service_development.choice",
  "pk": 45,
  "fields": {}
},
{
  "model": "service_development.choice",
  "pk": 48,
  "fields": {}
},
{
  "model": "service_development.choice",
  "pk": 55,
  "fields": {}
},
{
  "model": "service_development.choice",
  "pk": 58,
  "fields": {}
},
{
  "model": "service_development.choice",
  "pk": 61,
  "fields": {}
},
{
  "model": "service_development.choice",
  "pk": 64,
  "fields": {}
},
{
  "model": "service_development.choice",
  "pk": 67,
  "fields": {}
},
{
  "model": "service_development.choice",
  "pk": 70,
  "fields": {}
},
{
  "model": "service_development.choice",
  "pk": 73,
  "fields": {}
},
{
  "model": "service_development.choice",
  "pk": 84,
  "fields": {}
},
{
  "model": "service_development.choice",
  "pk": 85,
  "fields": {}
},
{
  "model": "service_development.choice",
  "pk": 88,
  "fields": {}
},
{
  "model": "service_development.choice",
  "pk": 91,
  "fields": {}
},
{
  "model": "service_development.choice",
  "pk": 96,
  "fields": {}
},
{
  "model": "service_development.choice",
  "pk": 99,
  "fields": {}
},
{
  "model": "service_development.choice",
  "pk": 102,
  "fields": {}
},
{
  "model": "service_development.choice",
  "pk": 107,
  "fields": {}
},
{
  "model": "service_development.choice",
  "pk": 110,
  "fields": {}
},
{
  "model": "service_development.choice",
  "pk": 113,
  "fields": {}
},
{
  "model": "service_development.choice",
  "pk": 116,
  "fields": {}
},
{
  "model": "service_development.choice",
  "pk": 119,
  "fields": {}
},
{
  "model": "service_development.choice",
  "pk": 122,
  "fields": {}
},
{
  "model": "service_development.choice",
  "pk": 125,
  "fields": {}
},
{
  "model": "service_development.choice",
  "pk": 128,
  "fields": {}
},
{
  "model": "service_development.choiceoption",
  "pk": 19,
  "fields": {
    "parent": 18,
    "_redirect": 81
  }
},
{
  "model": "service_development.choiceoption",
  "pk": 20,
  "fields": {
    "parent": 18,
    "_redirect": 80
  }
},
{
  "model": "service_development.choiceoption",
  "pk": 28,
  "fields": {
    "parent": 27,
    "_redirect": 30
  }
},
{
  "model": "service_development.choiceoption",
  "pk": 29,
  "fields": {
    "parent": 27,
    "_redirect": 36
  }
},
{
  "model": "service_development.choiceoption",
  "pk": 31,
  "fields": {
    "parent": 30,
    "_redirect": 33
  }
},
{
  "model": "service_development.choiceoption",
  "pk": 32,
  "fields": {
    "parent": 30,
    "_redirect": 36
  }
},
{
  "model": "service_development.choiceoption",
  "pk": 34,
  "fields": {
    "parent": 33,
    "_redirect": 51
  }
},
{
  "model": "service_development.choiceoption",
  "pk": 35,
  "fields": {
    "parent": 33,
    "_redirect": 79
  }
},
{
  "model": "service_development.choiceoption",
  "pk": 37,
  "fields": {
    "parent": 36,
    "_redirect": 39
  }
},
{
  "model": "service_development.choiceoption",
  "pk": 38,
  "fields": {
    "parent": 36,
    "_redirect": 48
  }
},
{
  "model": "service_development.choiceoption",
  "pk": 40,
  "fields": {
    "parent": 39,
    "_redirect": 42
  }
},
{
  "model": "service_development.choiceoption",
  "pk": 41,
  "fields": {
    "parent": 39,
    "_redirect": 48
  }
},
{
  "model": "service_development.choiceoption",
  "pk": 43,
  "fields": {
    "parent": 42,
    "_redirect": 45
  }
},
{
  "model": "service_development.choiceoption",
  "pk": 44,
  "fields": {
    "parent": 42,
    "_redirect": 45
  }
},
{
  "model": "service_development.choiceoption",
  "pk": 46,
  "fields": {
    "parent": 45,
    "_redirect": 52
  }
},
{
  "model": "service_development.choiceoption",
  "pk": 47,
  "fields": {
    "parent": 45,
    "_redirect": 79
  }
},
{
  "model": "service_development.choiceoption",
  "pk": 49,
  "fields": {
    "parent": 48,
    "_redirect": 85
  }
},
{
  "model": "service_development.choiceoption",
  "pk": 50,
  "fields": {
    "parent": 48,
    "_redirect": 78
  }
},
{
  "model": "service_development.choiceoption",
  "pk": 56,
  "fields": {
    "parent": 55,
    "_redirect": 58
  }
},
{
  "model": "service_development.choiceoption",
  "pk": 57,
  "fields": {
    "parent": 55,
    "_redirect": 67
  }
},
{
  "model": "service_development.choiceoption",
  "pk": 59,
  "fields": {
    "parent": 58,
    "_redirect": 61
  }
},
{
  "model": "service_development.choiceoption",
  "pk": 60,
  "fields": {
    "parent": 58,
    "_redirect": 67
  }
},
{
  "model": "service_development.choiceoption",
  "pk": 62,
  "fields": {
    "parent": 61,
    "_redirect": 64
  }
},
{
  "model": "service_development.choiceoption",
  "pk": 63,
  "fields": {
    "parent": 61,
    "_redirect": 64
  }
},
{
  "model": "service_development.choiceoption",
  "pk": 65,
  "fields": {
    "parent": 64,
    "_redirect": 53
  }
},
{
  "model": "service_development.choiceoption",
  "pk": 66,
  "fields": {
    "parent": 64,
    "_redirect": 79
  }
},
{
  "model": "service_development.choiceoption",
  "pk": 68,
  "fields": {
    "parent": 67,
    "_redirect": 70
  }
},
{
  "model": "service_development.choiceoption",
  "pk": 69,
  "fields": {
    "parent": 67,
    "_redirect": 96
  }
},
{
  "model": "service_development.choiceoption",
  "pk": 71,
  "fields": {
    "parent": 70,
    "_redirect": 73
  }
},
{
  "model": "service_development.choiceoption",
  "pk": 72,
  "fields": {
    "parent": 70,
    "_redirect": 96
  }
},
{
  "model": "service_development.choiceoption",
  "pk": 74,
  "fields": {
    "parent": 73,
    "_redirect": 95
  }
},
{
  "model": "service_development.choiceoption",
  "pk": 75,
  "fields": {
    "parent": 73,
    "_redirect": 79
  }
},
{
  "model": "service_development.choiceoption",
  "pk": 82,
  "fields": {
    "parent": 18,
    "_redirect": 84
  }
},
{
  "model": "service_development.choiceoption",
  "pk": 86,
  "fields": {
    "parent": 85,
    "_redirect": 88
  }
},
{
  "model": "service_development.choiceoption",
  "pk": 87,
  "fields": {
    "parent": 85,
    "_redirect": 88
  }
},
{
  "model": "service_development.choiceoption",
  "pk": 89,
  "fields": {
    "parent": 88,
    "_redirect": 91
  }
},
{
  "model": "service_development.choiceoption",
  "pk": 90,
  "fields": {
    "parent": 88,
    "_redirect": 91
  }
},
{
  "model": "service_development.choiceoption",
  "pk": 92,
  "fields": {
    "parent": 91,
    "_redirect": 94
  }
},
{
  "model": "service_development.choiceoption",
  "pk": 93,
  "fields": {
    "parent": 91,
    "_redirect": 79
  }
},
{
  "model": "service_development.choiceoption",
  "pk": 97,
  "fields": {
    "parent": 96,
    "_redirect": 99
  }
},
{
  "model": "service_development.choiceoption",
  "pk": 98,
  "fields": {
    "parent": 96,
    "_redirect": 78
  }
},
{
  "model": "service_development.choiceoption",
  "pk": 100,
  "fields": {
    "parent": 99,
    "_redirect": 102
  }
},
{
  "model": "service_development.choiceoption",
  "pk": 101,
  "fields": {
    "parent": 99,
    "_redirect": 102
  }
},
{
  "model": "service_development.choiceoption",
  "pk": 103,
  "fields": {
    "parent": 102,
    "_redirect": 54
  }
},
{
  "model": "service_development.choiceoption",
  "pk": 104,
  "fields": {
    "parent": 102,
    "_redirect": 79
  }
},
{
  "model": "service_development.choiceoption",
  "pk": 105,
  "fields": {
    "parent": 84,
    "_redirect": 107
  }
},
{
  "model": "service_development.choiceoption",
  "pk": 106,
  "fields": {
    "parent": 84,
    "_redirect": 113
  }
},
{
  "model": "service_development.choiceoption",
  "pk": 108,
  "fields": {
    "parent": 107,
    "_redirect": 110
  }
},
{
  "model": "service_development.choiceoption",
  "pk": 109,
  "fields": {
    "parent": 107,
    "_redirect": 113
  }
},
{
  "model": "service_development.choiceoption",
  "pk": 111,
  "fields": {
    "parent": 110,
    "_redirect": 132
  }
},
{
  "model": "service_development.choiceoption",
  "pk": 112,
  "fields": {
    "parent": 110,
    "_redirect": 79
  }
},
{
  "model": "service_development.choiceoption",
  "pk": 114,
  "fields": {
    "parent": 113,
    "_redirect": 116
  }
},
{
  "model": "service_development.choiceoption",
  "pk": 115,
  "fields": {
    "parent": 113,
    "_redirect": 122
  }
},
{
  "model": "service_development.choiceoption",
  "pk": 117,
  "fields": {
    "parent": 116,
    "_redirect": 119
  }
},
{
  "model": "service_development.choiceoption",
  "pk": 118,
  "fields": {
    "parent": 116,
    "_redirect": 122
  }
},
{
  "model": "service_development.choiceoption",
  "pk": 120,
  "fields": {
    "parent": 119,
    "_redirect": 133
  }
},
{
  "model": "service_development.choiceoption",
  "pk": 121,
  "fields": {
    "parent": 119,
    "_redirect": 79
  }
},
{
  "model": "service_development.choiceoption",
  "pk": 123,
  "fields": {
    "parent": 122,
    "_redirect": 125
  }
},
{
  "model": "service_development.choiceoption",
  "pk": 124,
  "fields": {
    "parent": 122,
    "_redirect": 78
  }
},
{
  "model": "service_development.choiceoption",
  "pk": 126,
  "fields": {
    "parent": 125,
    "_redirect": 128
  }
},
{
  "model": "service_development.choiceoption",
  "pk": 127,
  "fields": {
    "parent": 125,
    "_redirect": 128
  }
},
{
  "model": "service_development.choiceoption",
  "pk": 129,
  "fields": {
    "parent": 128,
    "_redirect": 131
  }
},
{
  "model": "service_development.choiceoption",
  "pk": 130,
  "fields": {
    "parent": 128,
    "_redirect": 79
  }
},
{
  "model": "service_development.messagepresentation",
  "pk": 5,
  "fields": {
    "final_element": false,
    "_redirect": 6
  }
},
{
  "model": "service_development.messagepresentation",
  "pk": 6,
  "fields": {
    "final_element": true,
    "_redirect": null
  }
},
{
  "model": "service_development.messagepresentation",
  "pk": 7,
  "fields": {
    "final_element": false,
    "_redirect": 6
  }
},
{
  "model": "service_development.messagepresentation",
  "pk": 51,
  "fields": {
    "final_element": false,
    "_redirect": 6
  }
},
{
  "model": "service_development.messagepresentation",
  "pk": 52,
  "fields": {
    "final_element": false,
    "_redirect": 6
  }
},
{
  "model": "service_development.messagepresentation",
  "pk": 53,
  "fields": {
    "final_element": false,
    "_redirect": 6
  }
},
{
  "model": "service_development.messagepresentation",
  "pk": 54,
  "fields": {
    "final_element": false,
    "_redirect": 6
  }
},
{
  "model": "service_development.messagepresentation",
  "pk": 76,
  "fields": {
    "final_element": false,
    "_redirect": 18
  }
},
{
  "model": "service_development.messagepresentation",
  "pk": 78,
  "fields": {
    "final_element": false,
    "_redirect": 6
  }
},
{
  "model": "service_development.messagepresentation",
  "pk": 79,
  "fields": {
    "final_element": false,
    "_redirect": 6
  }
},
{
  "model": "service_development.messagepresentation",
  "pk": 80,
  "fields": {
    "final_element": false,
    "_redirect": 55
  }
},
{
  "model": "service_development.messagepresentation",
  "pk": 81,
  "fields": {
    "final_element": false,
    "_redirect": 27
  }
},
{
  "model": "service_development.messagepresentation",
  "pk": 83,
  "fields": {
    "final_element": false,
    "_redirect": 84
  }
},
{
  "model": "service_development.messagepresentation",
  "pk": 94,
  "fields": {
    "final_element": false,
    "_redirect": 6
  }
},
{
  "model": "service_development.messagepresentation",
  "pk": 95,
  "fields": {
    "final_element": false,
    "_redirect": 6
  }
},
{
  "model": "service_development.messagepresentation",
  "pk": 131,
  "fields": {
    "final_element": false,
    "_redirect": 6
  }
},
{
  "model": "service_development.messagepresentation",
  "pk": 132,
  "fields": {
    "final_element": false,
    "_redirect": 6
  }
},
{
  "model": "service_development.messagepresentation",
  "pk": 133,
  "fields": {
    "final_element": false,
    "_redirect": 6
  }
}
]
